ID,Severity,Time,Lat,Lng,City,State,Temperature(F),Humidity(%),Visibility(mi),Wind_Speed(mph),Weather_Condition
A-3,2,2/8/2016 6:49,39.063148,-84.032608,Williamsburg,OH,36,100,10,3.5,Overcast
A-4,3,2/8/2016 7:23,39.747753,-84.205582,Dayton,OH,35.1,96,9,4.6,Overcast
A-5,2,2/8/2016 7:39,39.627781,-84.188354,Dayton,OH,36,89,6,3.5,Overcast
A-6,3,2/8/2016 7:44,40.10059,-82.925194,Westerville,OH,37.9,97,7,3.5,Rain
A-7,2,2/8/2016 7:59,39.758274,-84.230507,Dayton,OH,34,100,7,3.5,Overcast
A-8,3,2/8/2016 7:59,39.770382,-84.194901,Dayton,OH,34,100,7,3.5,Overcast
A-9,2,2/8/2016 8:00,39.778061,-84.172005,Dayton,OH,33.3,99,5,1.2,Overcast
A-10,3,2/8/2016 8:10,40.10059,-82.925194,Westerville,OH,37.4,100,3,4.6,Rain
A-11,3,2/8/2016 8:14,39.952812,-83.119293,Columbus,OH,35.6,93,5,5.8,Rain
A-12,3,2/8/2016 8:21,39.932709,-82.83091,Reynoldsburg,OH,37.4,100,3,4.6,Rain
A-13,2,2/8/2016 8:36,39.737633,-84.149933,Dayton,OH,33.8,100,3,2.3,Overcast
A-14,2,2/8/2016 8:37,39.79076,-84.241547,Dayton,OH,36,89,10,5.8,Overcast
A-15,2,2/8/2016 8:39,39.972038,-82.913521,Columbus,OH,37.4,100,3,4.6,Rain
A-16,2,2/8/2016 8:43,39.745888,-84.17041,Dayton,OH,33.8,100,3,2.3,Overcast
A-17,2,2/8/2016 8:53,39.748329,-84.224007,Dayton,OH,35.6,99,7,2.3,Overcast
A-18,2,2/8/2016 9:24,39.752174,-84.239952,Dayton,OH,36,89,10,5.8,Overcast
A-19,2,2/8/2016 9:25,39.740669,-84.184135,Dayton,OH,37.4,93,10,6.9,Overcast
A-20,2,2/8/2016 9:35,39.790703,-84.244461,Dayton,OH,36,89,10,6.9,Overcast
A-21,2,2/8/2016 10:11,40.052509,-82.882332,Columbus,OH,33.8,100,2,4.6,Snow
A-22,2,2/8/2016 10:24,39.773346,-84.224686,Dayton,OH,36,89,10,6.9,Overcast
A-23,2,2/8/2016 11:53,39.628288,-84.226151,Miamisburg,OH,35.1,89,6,8.1,Overcast
A-24,3,2/8/2016 12:00,40.023487,-82.994888,Columbus,OH,37,96,8,5.8,Overcast
A-25,2,2/8/2016 12:16,39.761379,-84.259216,Dayton,OH,37.9,76,10,10.4,Overcast
A-26,2,2/8/2016 12:41,40.158024,-82.641762,Johnstown,OH,37.9,100,5,4.6,Snow
A-27,2,2/8/2016 12:52,39.733219,-84.159653,Dayton,OH,36,86,7,9.2,Snow
A-28,2,2/8/2016 14:24,39.775303,-84.200523,Dayton,OH,39.9,70,10,11.5,Overcast
A-29,2,2/8/2016 14:56,39.789322,-84.239105,Dayton,OH,39.9,65,10,8.1,Overcast
A-30,2,2/8/2016 15:26,39.75872,-84.183762,Dayton,OH,39.2,75,10,4.6,Overcast
A-31,2,2/8/2016 16:16,40.081459,-83.122398,Dublin,OH,37,89,10,6.9,Overcast
A-32,2,2/8/2016 17:39,39.83321,-84.112946,Dayton,OH,34.2,97,10,3.5,Rain
A-33,3,2/8/2016 18:24,40.042725,-82.997307,Columbus,OH,33.8,100,6,5.8,Overcast
A-35,2,2/8/2016 20:22,39.994766,-83.02449,Columbus,OH,33.1,92,7,8.1,Snow
A-36,2,2/8/2016 20:43,40.006477,-83.030991,Columbus,OH,33.1,92,9,9.2,Overcast
A-37,2,2/9/2016 4:28,39.742062,-84.186996,Dayton,OH,23,93,5,11.5,Snow
A-38,2,2/9/2016 5:04,39.843521,-82.78157,Canal Winchester,OH,23,93,2.5,11.5,Snow
A-39,2,2/9/2016 5:17,39.782578,-84.178688,Dayton,OH,22.8,89,4,11.5,Snow
A-40,3,2/9/2016 5:27,40.007626,-82.912155,Columbus,OH,26.6,86,1.5,8.1,Snow
A-41,2,2/9/2016 5:40,39.447502,-84.191208,Lebanon,OH,21,85,0.8,9.2,Snow
A-42,2,2/9/2016 5:47,39.787731,-84.173439,Dayton,OH,23,86,3,10.4,Snow
A-43,2,2/9/2016 5:56,39.426277,-83.624611,Sabina,OH,19.9,89,1.8,13.8,Snow
A-44,3,2/9/2016 6:06,39.978306,-82.852554,Columbus,OH,25,88,1,9.2,Snow
A-45,3,2/9/2016 6:13,39.84182,-84.189606,Dayton,OH,23,88,2,15,Snow
A-46,3,2/9/2016 6:12,39.953625,-82.958954,Columbus,OH,25,88,1,9.2,Snow
A-47,2,2/9/2016 6:21,40.053082,-83.049644,Columbus,OH,26.1,84,2,12.7,Snow
A-48,3,2/9/2016 6:20,39.936874,-82.878723,Columbus,OH,24.8,86,1,8.1,Snow
A-49,2,2/9/2016 6:34,39.780643,-84.16349,Dayton,OH,23,86,4,11.5,Snow
A-50,3,2/9/2016 6:41,39.773193,-84.187454,Dayton,OH,23,86,4,11.5,Snow
A-51,2,2/9/2016 6:48,39.77858,-84.204681,Dayton,OH,21.9,92,2,12.7,Snow
A-52,2,2/9/2016 6:53,39.792988,-84.20607,Dayton,OH,21.9,92,2,12.7,Snow
A-53,3,2/9/2016 6:54,39.770382,-84.194901,Dayton,OH,21.9,92,2,12.7,Snow
A-54,3,2/9/2016 7:03,39.976398,-83.119225,Columbus,OH,21.2,93,1.5,13.8,Snow
A-55,3,2/9/2016 7:05,39.6395,-84.231361,Dayton,OH,21,85,1.2,9.2,Snow
A-56,2,2/9/2016 7:04,39.232578,-84.159286,Goshen,OH,21,93,2.5,9.2,Snow
A-57,2,2/9/2016 7:15,39.746593,-84.23912,Dayton,OH,21.9,92,2,12.7,Snow
A-58,2,2/9/2016 7:41,39.742783,-84.182472,Dayton,OH,22.5,90,1.2,9.2,Snow
A-59,2,2/9/2016 7:42,39.75452,-84.159279,Dayton,OH,22.5,90,1.2,9.2,Snow
A-60,2,2/9/2016 7:42,39.749916,-84.139359,Dayton,OH,22.5,90,1.2,9.2,Snow
A-61,3,2/9/2016 7:46,40.100903,-82.984108,Columbus,OH,24.8,86,1.8,8.1,Snow
A-62,2,2/9/2016 7:54,39.772808,-84.201851,Dayton,OH,21.2,93,2,12.7,Snow
A-63,2,2/9/2016 8:06,39.492485,-84.131798,Waynesville,OH,21,81,1.2,9.2,Snow
A-64,2,2/9/2016 8:12,39.570904,-84.251724,Springboro,OH,21,81,1.2,9.2,Snow
A-65,2,2/9/2016 8:10,39.834282,-82.74382,Carroll,OH,21.9,85,0.8,11.5,Snow
A-66,3,2/9/2016 8:23,39.622787,-84.229858,Miamisburg,OH,21,81,1.2,9.2,Snow
A-67,3,2/9/2016 8:24,39.429871,-84.079666,Oregonia,OH,21,81,1.2,9.2,Snow
A-68,3,2/9/2016 8:20,41.407391,-81.646767,Independence,OH,32,82,10,12.7,Overcast
A-69,3,2/9/2016 8:35,41.424404,-81.578674,Maple Heights,OH,32,82,10,12.7,Overcast
A-70,3,2/9/2016 10:06,39.89217,-83.039169,Grove City,OH,21.2,93,5,11.5,Overcast
A-71,2,2/9/2016 11:09,41.022358,-83.650345,Findlay,OH,27,81,2.5,19.6,Snow
A-72,2,2/10/2016 6:18,39.206806,-84.053253,Goshen,OH,16.2,81,5,9.2,Snow
A-73,3,2/10/2016 6:06,39.973797,-83.022285,Columbus,OH,15.8,73,4,11.5,Snow
A-74,2,2/10/2016 6:24,40.048008,-82.86422,Columbus,OH,15.8,73,4,11.5,Snow
A-75,2,2/10/2016 6:53,39.814526,-84.021744,Fairborn,OH,15.4,82,7,13.8,Snow
A-76,3,2/10/2016 7:50,40.151196,-84.220032,Piqua,OH,14,93,7,15,Snow
A-77,3,2/10/2016 7:50,39.954617,-82.844238,Columbus,OH,15.1,77,1,8.1,Snow
A-78,2,2/10/2016 8:01,38.990551,-84.207497,New Richmond,OH,15.8,88,1.8,6.9,Snow
A-79,2,2/10/2016 8:08,40.008995,-83.002678,Columbus,OH,16,81,1.5,13.8,Snow
A-80,2,2/10/2016 8:11,39.077332,-84.225014,Batavia,OH,15.8,84,4,11.5,Snow
A-81,2,2/10/2016 8:50,39.955452,-82.795845,Reynoldsburg,OH,16,77,1,9.2,Snow
A-82,3,2/10/2016 9:03,40.224586,-82.929085,Galena,OH,17.6,79,3,11.5,Haze
A-83,3,2/10/2016 9:42,39.976398,-83.119225,Columbus,OH,15.8,79,1.5,10.4,Snow
A-84,3,2/10/2016 10:38,39.985603,-82.939247,Columbus,OH,17.1,77,1.5,13.8,Snow
A-85,3,2/10/2016 17:10,41.040714,-81.613144,Barberton,OH,19.9,81,1,10.4,Snow
A-86,3,2/10/2016 18:09,41.083679,-81.579002,Akron,OH,19.9,78,4,12.7,Snow
A-87,3,2/10/2016 18:41,40.766891,-82.42411,Mansfield,OH,16,77,7,11.5,Overcast
A-88,3,2/11/2016 5:32,41.422199,-81.843018,Cleveland,OH,14,56,9,11.5,Snow
A-89,3,2/11/2016 5:30,41.063995,-81.572945,Akron,OH,14,74,4,10.4,Snow
A-90,2,2/11/2016 6:10,39.747753,-84.205582,Dayton,OH,7,87,10,8.1,Overcast
A-92,3,2/11/2016 6:29,41.420818,-81.694008,Cleveland,OH,17.1,59,10,21.9,Overcast
A-93,2,2/11/2016 7:17,40.030342,-83.030197,Columbus,OH,6.1,83,10,8.1,Overcast
A-94,2,2/11/2016 7:18,39.858089,-82.827904,Canal Winchester,OH,5,81,10,3.5,Clear
A-95,3,2/11/2016 7:21,41.112324,-81.609924,Akron,OH,12,80,2,8.1,Snow
A-97,3,2/11/2016 7:29,41.355396,-81.819267,Cleveland,OH,15.1,51,10,18.4,Overcast
A-99,2,2/11/2016 8:07,39.751038,-84.214325,Dayton,OH,7.5,87,10,4.6,Overcast
A-100,2,2/11/2016 8:13,39.749916,-84.139359,Dayton,OH,7.5,87,10,4.6,Overcast
A-101,2,2/11/2016 8:23,39.97509,-82.884605,Columbus,OH,12,70,9,5.8,Overcast
A-102,2,2/11/2016 8:34,40.11195,-83.016663,Columbus,OH,12,77,10,6.9,Overcast
A-103,3,2/11/2016 8:29,41.424313,-81.57914,Maple Heights,OH,18,54,10,25.3,Overcast
A-105,2,2/11/2016 9:16,39.769173,-84.207283,Dayton,OH,10.9,77,10,6.9,Overcast
A-106,2,2/11/2016 9:31,39.75452,-84.159279,Dayton,OH,13.6,74,10,3.5,Overcast
A-107,3,2/11/2016 9:37,39.874947,-83.003937,Columbus,OH,10.4,78,10,4.6,Overcast
A-108,2,2/11/2016 9:46,39.769596,-84.176964,Dayton,OH,13.6,74,10,3.5,Overcast
A-109,2,2/11/2016 10:48,39.776417,-84.23027,Dayton,OH,18,68,10,10.4,Overcast
A-110,2,2/11/2016 10:53,39.64185,-84.227455,Dayton,OH,18,54,10,6.9,Clear
A-111,2,2/11/2016 11:21,39.760284,-84.196434,Dayton,OH,18.5,62,10,9.2,Overcast
A-112,2,2/11/2016 12:24,39.802528,-84.220093,Dayton,OH,19.9,65,10,9.2,Overcast
A-113,2,2/11/2016 12:24,39.828781,-84.198395,Dayton,OH,19.9,65,10,9.2,Overcast
A-114,2,2/11/2016 13:44,39.733337,-84.180359,Dayton,OH,21.6,49,10,6.9,Overcast
A-115,2,2/11/2016 14:16,39.759426,-84.138367,Dayton,OH,21.6,49,10,6.9,Overcast
A-116,2,2/11/2016 15:34,39.783615,-84.227531,Dayton,OH,21,57,10,4.6,Overcast
A-117,2,2/11/2016 16:34,39.74004,-84.194923,Dayton,OH,21,57,10,8.1,Overcast
A-118,3,2/11/2016 17:10,39.735199,-84.204948,Dayton,OH,21,57,10,8.1,Overcast
A-119,2,2/11/2016 18:27,39.749035,-84.204742,Dayton,OH,21,51,10,8.1,Overcast
A-121,3,2/11/2016 19:22,39.995369,-82.985085,Columbus,OH,17.1,62,10,3.5,Overcast
A-123,2,2/12/2016 16:16,39.749786,-84.199493,Dayton,OH,26.6,59,10,16.1,Snow
A-124,2,2/12/2016 16:42,39.780331,-84.195076,Dayton,OH,25.5,66,7,16.1,Snow
A-125,3,2/12/2016 17:47,40.109928,-82.978203,Columbus,OH,23,80,3,12.7,Snow
A-126,3,2/12/2016 20:04,40.11195,-83.016663,Columbus,OH,19,71,5,24.2,Snow
A-127,3,2/12/2016 20:12,40.112156,-83.035072,Columbus,OH,19,71,5,24.2,Snow
A-128,3,2/12/2016 20:41,39.871761,-82.933449,Columbus,OH,19.9,62,10,23,Overcast
A-129,3,2/12/2016 23:48,39.934517,-82.860657,Columbus,OH,16,68,10,13.8,Overcast
A-130,3,2/13/2016 11:05,40.02404,-82.994797,Columbus,OH,10,44,10,11.5,Overcast
A-131,3,2/13/2016 11:05,41.014015,-81.932777,Seville,OH,8.1,61,10,13.8,Overcast
A-132,2,2/13/2016 11:17,40.575069,-82.528145,Bellville,OH,7,58,10,11.5,Clear
A-133,3,2/13/2016 11:25,39.996578,-84.216805,Troy,OH,10.9,51,10,9.2,Overcast
A-134,3,2/13/2016 12:56,39.986324,-82.985458,Columbus,OH,12.9,43,10,16.1,Overcast
A-135,3,2/13/2016 12:55,40.013062,-82.90213,Columbus,OH,12.9,43,10,16.1,Overcast
A-136,3,2/14/2016 10:13,39.981709,-82.98436,Columbus,OH,10,70,10,5.8,Overcast
A-137,3,2/14/2016 10:49,39.953022,-82.998894,Columbus,OH,12.9,65,10,10.4,Overcast
A-138,3,2/14/2016 10:41,39.973812,-82.983162,Columbus,OH,12.9,65,10,10.4,Overcast
A-139,3,2/14/2016 18:15,39.978306,-82.852554,Columbus,OH,15.8,79,0.5,10.4,Snow
A-141,2,2/15/2016 4:53,39.469582,-83.712799,Wilmington,OH,23,96,2.5,8.1,Overcast
A-142,2,2/15/2016 5:22,39.63958,-84.234818,Miamisburg,OH,23,92,1.5,8.1,Overcast
A-143,3,2/15/2016 5:42,39.975986,-82.996307,Columbus,OH,21.9,89,5,5.8,Freezing Rain
A-144,3,2/15/2016 6:36,39.951401,-83.040161,Columbus,OH,22.8,96,3,8.1,Snow
A-145,2,2/15/2016 7:02,39.96888,-83.022263,Columbus,OH,23,86,3,5.8,Freezing Rain
A-146,3,2/15/2016 7:17,39.804295,-84.178917,Dayton,OH,23,96,0.2,5.8,Freezing Rain
A-147,2,2/15/2016 7:15,39.831444,-84.097267,Dayton,OH,24.1,98,1.5,5.8,Snow
A-148,3,2/15/2016 7:07,39.890587,-83.035385,Grove City,OH,24.8,100,1.5,5.8,Snow
A-149,3,2/15/2016 7:23,39.770977,-84.183914,Dayton,OH,24.8,100,1.5,2.3,Freezing Rain
A-150,2,2/15/2016 7:28,39.808121,-84.173477,Dayton,OH,24.1,96,0.8,4.6,Freezing Rain
A-151,2,2/15/2016 7:37,41.410461,-81.725853,Cleveland,OH,21,85,4,11.5,Snow
A-152,3,2/15/2016 7:46,39.747753,-84.205582,Dayton,OH,24.1,96,0.8,4.6,Freezing Rain
A-153,3,2/15/2016 7:52,39.6395,-84.231361,Dayton,OH,26.1,92,4,8.1,Overcast
A-154,2,2/15/2016 8:00,39.94537,-82.887444,Columbus,OH,24.1,91,1,5.8,Freezing Rain
A-155,2,2/15/2016 8:11,39.79813,-84.244797,Dayton,OH,25,96,0.8,6.9,Overcast
A-156,2,2/15/2016 8:10,40.081715,-82.89576,Westerville,OH,24.1,91,1,5.8,Freezing Rain
A-157,2,2/15/2016 8:15,41.111031,-81.550728,Akron,OH,23,85,2,5.8,Overcast
A-158,2,2/15/2016 8:31,40.082016,-82.937119,Columbus,OH,26.1,88,1,5.8,Freezing Rain
A-159,2,2/15/2016 8:39,39.763363,-84.15535,Dayton,OH,27,98,2.5,3.5,Freezing Rain
A-160,2,2/15/2016 11:31,39.740063,-84.191833,Dayton,OH,32,100,1.5,5.8,Overcast
A-161,2,2/15/2016 12:30,39.99876,-82.625221,Pataskala,OH,32,85,5,8.1,Overcast
A-162,2,2/15/2016 12:34,39.740063,-84.191833,Dayton,OH,32,100,4,5.8,Overcast
A-163,2,2/15/2016 12:53,39.99519,-82.868591,Columbus,OH,30.9,89,2,8.1,Overcast
A-164,1,2/15/2016 17:22,41.395805,-81.935562,North Olmsted,OH,33.1,82,7,5.8,Overcast
A-165,2,2/15/2016 18:27,39.887058,-82.883263,Groveport,OH,33.6,94,7,3.5,Rain
A-167,2,2/15/2016 21:09,40.977516,-82.790749,Tiro,OH,32,100,0.5,5.8,Fog
A-168,3,2/16/2016 4:05,40.11195,-83.016663,Columbus,OH,32,100,1.2,8.1,Snow
A-169,3,2/16/2016 4:32,41.150993,-81.631393,Akron,OH,34,89,1.2,6.9,Snow
A-170,3,2/16/2016 5:22,39.824703,-83.141228,Orient,OH,32.2,100,3,6.9,Snow
A-171,2,2/16/2016 5:37,39.885872,-82.806198,Canal Winchester,OH,32,99,2.5,5.8,Snow
A-172,3,2/16/2016 6:05,40.11195,-83.016663,Columbus,OH,33.1,96,5,8.1,Overcast
A-173,3,2/16/2016 6:17,40.099171,-83.134499,Dublin,OH,33.1,96,5,8.1,Overcast
A-174,2,2/16/2016 6:32,40.012829,-83.109131,Columbus,OH,32,96,5,11.5,Overcast
A-175,2,2/16/2016 6:29,40.048183,-82.945183,Columbus,OH,32,92,2,10.4,Overcast
A-176,2,2/16/2016 6:39,39.77792,-84.246872,Dayton,OH,30.9,96,2,10.4,Overcast
A-177,3,2/16/2016 6:34,39.917412,-83.014236,Columbus,OH,32.2,100,4,6.9,Overcast
A-178,3,2/16/2016 6:47,41.313236,-81.810959,Strongsville,OH,32,92,1.8,8.1,Snow
A-179,2,2/16/2016 6:50,39.691998,-84.043655,Beavercreek,OH,32,88,3,8.1,Overcast
A-180,2,2/16/2016 6:50,39.852417,-82.938606,Groveport,OH,32,99,7,8.1,Overcast
A-181,3,2/16/2016 7:02,39.956909,-83.044914,Columbus,OH,32,100,3,6.9,Overcast
A-182,2,2/16/2016 7:10,39.602947,-82.951836,Circleville,OH,32,99,7,10.4,Overcast
A-183,2,2/16/2016 7:12,39.891884,-83.087547,Grove City,OH,32,100,3,6.9,Overcast
A-184,2,2/16/2016 7:29,39.785084,-84.210564,Dayton,OH,30,100,2,10.4,Overcast
A-185,3,2/16/2016 7:52,40.1105,-82.977524,Columbus,OH,32,96,3,9.2,Overcast
A-186,2,2/16/2016 7:55,40.757088,-82.50975,Mansfield,OH,30,100,5,10.4,Overcast
A-187,3,2/16/2016 7:56,41.063995,-81.572945,Akron,OH,34,89,1.8,6.9,Snow
A-188,3,2/16/2016 7:58,40.004749,-82.867638,Columbus,OH,32,88,5,8.1,Overcast
A-189,2,2/16/2016 8:13,40.033955,-83.000862,Columbus,OH,32,96,3,9.2,Overcast
A-190,2,2/16/2016 8:20,38.929512,-83.495262,Peebles,OH,30.9,100,1,9.2,Overcast
A-191,3,2/16/2016 8:26,39.973419,-83.081558,Columbus,OH,32,100,2.5,3.5,Overcast
A-192,2,2/16/2016 8:36,39.797958,-84.255135,Dayton,OH,30,96,1.5,6.9,Overcast
A-193,3,2/16/2016 8:42,40.057369,-82.903717,Columbus,OH,32,88,4,8.1,Overcast
A-194,2,2/16/2016 8:41,39.847927,-82.848274,Canal Winchester,OH,32,97,3,5.8,Overcast
A-195,2,2/16/2016 8:57,40.051949,-83.032806,Columbus,OH,32,96,2.5,5.8,Overcast
A-196,2,2/16/2016 10:03,40.051949,-83.032806,Columbus,OH,33.1,92,2.5,10.4,Overcast
A-197,2,2/16/2016 10:58,39.772823,-84.135612,Dayton,OH,31.1,88,6,5.8,Overcast
A-198,2,2/16/2016 11:12,39.673203,-84.221886,Dayton,OH,30.9,76,6,9.2,Haze
A-199,2,2/16/2016 11:11,39.76244,-84.20507,Dayton,OH,30,92,1.8,5.8,Snow
A-200,2,2/16/2016 11:10,39.79166,-84.169342,Dayton,OH,31.1,88,6,5.8,Overcast
A-201,2,2/16/2016 11:11,39.72757,-84.13549,Dayton,OH,31.1,88,6,5.8,Overcast
A-202,3,2/16/2016 11:32,40.099171,-83.134499,Dublin,OH,32,92,2.5,11.5,Overcast
A-204,2,2/16/2016 14:02,39.764778,-84.177193,Dayton,OH,32.4,79,10,8.1,Overcast
A-205,3,2/16/2016 16:47,40.016014,-82.903442,Columbus,OH,32,75,7,9.2,Overcast
A-206,2,2/17/2016 5:31,39.686901,-83.911812,Xenia,OH,30.4,90,10,3.5,Overcast
A-207,2,2/17/2016 5:45,39.74403,-84.214638,Dayton,OH,30,88,6,6.9,Overcast
A-208,2,2/17/2016 6:27,39.955738,-83.002953,Columbus,OH,28.4,80,7,6.9,Overcast
A-209,2,2/17/2016 6:32,38.98587,-84.052551,Bethel,OH,30.9,91,7,3.5,Overcast
A-210,2,2/17/2016 6:44,41.12336,-81.652626,Akron,OH,28,81,7,5.8,Overcast
A-211,3,2/17/2016 7:10,41.403664,-82.13942,Elyria,OH,28,85,6,6.9,Overcast
A-212,3,2/17/2016 7:14,39.719009,-84.214615,Dayton,OH,30,82,5,5.8,Haze
A-213,3,2/17/2016 7:22,41.063995,-81.572945,Akron,OH,28,81,7,5.8,Overcast
A-214,2,2/17/2016 7:29,39.741764,-84.209923,Dayton,OH,30,92,3,8.1,Overcast
A-215,3,2/17/2016 7:30,39.933804,-82.789444,Pickerington,OH,30,79,7,3.5,Overcast
A-216,2,2/17/2016 7:40,39.673203,-84.221886,Dayton,OH,30,85,3,4.6,Overcast
A-217,2,2/17/2016 7:39,38.997852,-84.043739,Bethel,OH,31.1,92,7,6.9,Overcast
A-218,2,2/17/2016 7:43,40.080402,-82.877457,Westerville,OH,30.2,75,5,6.9,Haze
A-219,3,2/17/2016 7:52,41.04023,-81.608711,Barberton,OH,28,81,6,4.6,Haze
A-220,2,2/17/2016 8:02,39.749664,-84.201012,Dayton,OH,30.7,90,4,5.8,Overcast
A-221,2,2/17/2016 8:04,39.749916,-84.139359,Dayton,OH,30.7,90,4,5.8,Overcast
A-222,3,2/17/2016 7:49,41.039204,-81.631744,Barberton,OH,28.4,80,6,6.9,Haze
A-223,2,2/17/2016 8:17,40.993484,-82.036003,Burbank,OH,27,85,4,9.2,Overcast
A-224,3,2/17/2016 8:28,41.407391,-81.646767,Independence,OH,30,82,6,10.4,Snow
A-225,2,2/17/2016 8:33,39.732441,-84.224243,Dayton,OH,30,96,2.5,8.1,Overcast
A-226,3,2/17/2016 8:59,39.773193,-84.187454,Dayton,OH,31.1,92,6,5.8,Overcast
A-227,2,2/17/2016 10:00,39.792931,-84.215195,Dayton,OH,32,88,4,5.8,Overcast
A-228,3,2/17/2016 10:19,39.948299,-82.047081,Zanesville,OH,33.1,72,5,5.8,Haze
A-229,2,2/17/2016 10:32,39.67263,-84.216522,Dayton,OH,32,82,4,5.8,Haze
A-230,2,2/17/2016 10:22,41.172302,-83.64917,North Baltimore,OH,33.1,82,3,12.7,Haze
A-231,2,2/17/2016 12:57,39.615208,-84.227318,Miamisburg,OH,35.1,67,9,3.5,Overcast
A-232,2,2/17/2016 13:25,39.790604,-84.251404,Dayton,OH,36,59,10,10.4,Overcast
A-233,2,2/17/2016 17:17,39.968788,-83.003754,Columbus,OH,35.1,61,9,12.7,Overcast
A-234,2,2/18/2016 4:25,39.905334,-82.968689,Columbus,OH,31.1,69,10,3.5,Overcast
A-236,2,2/18/2016 6:27,41.414131,-81.632141,Cleveland,OH,19,71,10,5.8,Clear
A-237,3,2/18/2016 7:00,39.933804,-82.789444,Pickerington,OH,28,78,9,5.8,Overcast
A-240,3,2/18/2016 7:49,41.42181,-81.734482,Cleveland,OH,12.9,88,8,3.5,Clear
A-241,3,2/18/2016 7:55,41.422199,-81.843018,Cleveland,OH,12.9,88,8,3.5,Clear
A-244,3,2/18/2016 8:00,40.004749,-82.867638,Columbus,OH,27,75,7,3.5,Overcast
A-245,2,2/18/2016 8:15,39.626396,-84.207687,Miamisburg,OH,27,78,5,3.5,Haze
A-248,3,2/18/2016 8:20,39.936871,-82.936317,Columbus,OH,27,75,7,3.5,Overcast
A-249,3,2/18/2016 8:22,41.420666,-81.816444,Cleveland,OH,16,81,10,6.9,Clear
A-251,2,2/18/2016 8:37,39.819809,-84.187103,Dayton,OH,30.9,79,5,3.5,Haze
A-252,3,2/18/2016 8:39,41.371895,-81.820786,Cleveland,OH,16,81,10,6.9,Clear
A-253,2,2/18/2016 8:48,39.999187,-83.075813,Columbus,OH,27,85,8,6.9,Clear
A-256,2,2/18/2016 9:03,41.423275,-81.76001,Cleveland,OH,16,81,10,6.9,Clear
A-257,3,2/18/2016 9:25,39.993843,-82.985054,Columbus,OH,30,72,7,6.9,Overcast
A-258,3,2/18/2016 9:22,41.36974,-81.821457,Cleveland,OH,21.9,63,10,8.1,Clear
A-259,3,2/18/2016 9:26,41.420506,-81.816078,Cleveland,OH,21.9,63,10,8.1,Clear
A-260,3,2/18/2016 9:26,41.407391,-81.646767,Independence,OH,24.1,62,10,5.8,Clear
A-262,3,2/18/2016 10:15,39.75782,-83.303154,Mount Sterling,OH,32,75,7,5.8,Overcast
A-263,3,2/18/2016 11:27,39.84182,-84.189606,Dayton,OH,39,60,9,8.1,Overcast
A-264,2,2/18/2016 13:44,39.695045,-84.104195,Beavercreek,OH,37.9,57,10,9.2,Clear
A-265,2,2/18/2016 15:31,39.754223,-84.224075,Dayton,OH,39.9,53,10,10.4,Overcast
A-266,2,2/18/2016 15:46,39.759544,-84.191811,Dayton,OH,39.9,53,10,10.4,Overcast
A-267,2,2/18/2016 15:46,39.755566,-84.180534,Dayton,OH,39.9,53,10,10.4,Overcast
A-268,3,2/18/2016 16:40,39.960938,-84.189583,Tipp City,OH,37.9,60,10,18.4,Overcast
A-269,2,2/18/2016 16:43,39.609039,-84.155869,Dayton,OH,37.9,55,10,16.1,Clear
A-270,3,2/18/2016 17:16,39.953472,-82.960274,Columbus,OH,35.1,57,9,6.9,Overcast
A-271,2,2/18/2016 17:24,40.106297,-83.036079,Columbus,OH,36,59,10,10.4,Clear
A-272,2,2/19/2016 4:22,39.812687,-84.227348,Dayton,OH,39.9,63,10,18.4,Overcast
A-273,2,2/19/2016 4:23,39.724258,-84.213142,Moraine,OH,39.9,60,10,11.5,Clear
A-274,2,2/19/2016 5:00,39.929554,-82.995773,Columbus,OH,35.4,68,10,9.2,Clear
A-275,3,2/19/2016 5:24,39.976398,-83.119225,Columbus,OH,34.9,70,10,10.4,Clear
A-276,2,2/19/2016 6:08,39.915928,-82.982468,Columbus,OH,35.4,68,10,6.9,Clear
A-277,2,2/19/2016 6:33,39.009884,-84.173073,Batavia,OH,43.5,57,10,12.7,Clear
A-278,2,2/19/2016 6:36,39.737701,-84.134987,Dayton,OH,41,61,10,10.4,Clear
A-279,2,2/19/2016 7:06,39.974285,-82.961174,Columbus,OH,36,57,10,12.7,Overcast
A-280,2,2/19/2016 7:23,40.152611,-82.686996,Johnstown,OH,37,57,10,12.7,Overcast
A-281,2,2/19/2016 7:39,39.786629,-84.18869,Dayton,OH,42.8,60,10,10.4,Overcast
A-282,2,2/19/2016 7:38,40.016937,-83.156601,Hilliard,OH,37,62,10,11.5,Clear
A-283,2,2/19/2016 7:51,40.003746,-83.153893,Hilliard,OH,37,62,10,11.5,Clear
A-284,3,2/19/2016 7:52,39.736061,-84.093002,Dayton,OH,42.8,60,10,10.4,Overcast
A-285,2,2/19/2016 8:05,41.375961,-83.647453,Bowling Green,OH,43,53,10,19.6,Clear
A-286,3,2/19/2016 8:18,39.953648,-82.960373,Columbus,OH,37,57,10,12.7,Overcast
A-287,2,2/19/2016 8:28,39.767757,-84.231712,Dayton,OH,47.7,52,10,17.3,Overcast
A-288,2,2/19/2016 8:32,39.800312,-84.218811,Dayton,OH,48,52,10,27.6,Overcast
A-289,2,2/19/2016 8:58,39.754055,-84.17588,Dayton,OH,47.7,52,10,17.3,Overcast
A-290,2,2/19/2016 10:24,39.712257,-84.201782,Dayton,OH,49.6,50,10,23,Overcast
A-291,2,2/19/2016 11:23,39.759201,-84.149101,Dayton,OH,53.8,45,10,25.3,Overcast
A-292,2,2/19/2016 11:45,39.759472,-84.243698,Dayton,OH,57,44,10,27.6,Overcast
A-293,2,2/19/2016 11:37,39.797668,-84.217506,Dayton,OH,57,44,10,27.6,Overcast
A-294,2,2/19/2016 11:29,39.763664,-84.193298,Dayton,OH,59.4,37,10,29.9,Clear
A-295,2,2/19/2016 11:38,39.758121,-84.191414,Dayton,OH,59.4,37,10,29.9,Clear
A-296,3,2/19/2016 11:27,40.266499,-82.927544,Galena,OH,46.4,57,10,18.4,Clear
A-297,2,2/19/2016 15:12,40.099384,-83.155396,Dublin,OH,57,47,10,21.9,Overcast
A-298,2,2/19/2016 15:15,39.981926,-83.046265,Columbus,OH,57,47,10,21.9,Overcast
A-299,2,2/19/2016 15:30,39.786633,-84.170837,Dayton,OH,65.1,34,10,24.2,Clear
A-300,2,2/19/2016 16:16,39.765259,-84.137802,Dayton,OH,65.1,34,10,24.2,Clear
A-301,3,2/19/2016 17:41,40.10564,-82.949692,Columbus,OH,57,49,10,15,Clear
A-302,2,2/22/2016 5:20,39.762531,-84.1427,Dayton,OH,29.5,94,10,5.8,Clear
A-303,2,2/22/2016 6:11,41.428753,-83.610367,Bowling Green,OH,28,85,10,5.8,Clear
A-304,2,2/22/2016 6:54,39.985336,-82.789841,Reynoldsburg,OH,30.9,82,10,3.5,Overcast
A-305,2,2/22/2016 7:09,39.955517,-82.876877,Columbus,OH,30.9,82,10,3.5,Overcast
A-306,2,2/22/2016 7:14,39.858089,-82.827904,Canal Winchester,OH,32,91,10,5.8,Overcast
A-307,2,2/22/2016 7:26,39.763615,-84.142586,Dayton,OH,28.4,93,10,2.3,Fog
A-308,3,2/22/2016 7:24,39.933804,-82.789444,Pickerington,OH,33.1,85,10,6.9,Overcast
A-309,2,2/22/2016 7:37,40.136345,-83.00573,Columbus,OH,28.9,96,10,3.5,Clear
A-310,2,2/22/2016 7:52,39.76516,-84.157234,Dayton,OH,27.9,97,10,3.5,Clear
A-311,2,2/22/2016 7:51,39.772438,-84.142181,Dayton,OH,27.9,97,10,3.5,Clear
A-313,2,2/22/2016 8:13,39.232101,-84.160141,Goshen,OH,32.5,94,10,4.6,Clear
A-314,3,2/22/2016 8:19,40.061661,-82.99807,Columbus,OH,28.9,96,10,3.5,Clear
A-315,3,2/22/2016 8:41,40.082397,-82.906921,Westerville,OH,35.1,76,10,5.8,Overcast
A-316,2,2/22/2016 8:54,39.317173,-84.220894,Maineville,OH,36,79,10,3.5,Clear
A-317,2,2/22/2016 9:06,39.690781,-84.205147,Dayton,OH,34,79,10,9.2,Clear
A-318,2,2/22/2016 9:06,39.803726,-84.185143,Dayton,OH,33.1,89,10,6.9,Overcast
A-319,2,2/22/2016 9:36,39.838779,-84.258316,Dayton,OH,36,82,10,8.1,Overcast
A-320,2,2/22/2016 9:37,39.76144,-84.167038,Dayton,OH,37,77,10,5.8,Clear
A-321,2,2/22/2016 10:03,39.740906,-84.182121,Dayton,OH,37,77,10,5.8,Clear
A-322,2,2/22/2016 10:09,39.81963,-84.198273,Dayton,OH,36,82,10,8.1,Overcast
A-323,2,2/22/2016 10:27,39.79969,-84.186996,Dayton,OH,41,62,10,11.5,Overcast
A-324,2,2/22/2016 11:17,39.72364,-84.1418,Dayton,OH,42.8,57,10,8.1,Overcast
A-325,2,2/22/2016 11:21,39.754055,-84.138893,Dayton,OH,42.8,57,10,8.1,Overcast
A-326,2,2/22/2016 11:40,39.831997,-84.223694,Dayton,OH,43,53,10,6.9,Overcast
A-327,2,2/22/2016 14:21,41.403744,-82.282776,Vermilion,OH,41,62,10,11.5,Overcast
A-328,2,2/22/2016 15:34,39.754055,-84.17588,Dayton,OH,48.7,47,10,6.9,Clear
A-329,2,2/22/2016 16:57,39.630444,-84.196266,Dayton,OH,48,50,10,5.8,Clear
A-330,2,2/22/2016 16:57,39.801601,-84.194542,Dayton,OH,46.9,52,10,9.2,Overcast
A-331,2,2/22/2016 16:58,39.752647,-84.189774,Dayton,OH,47.5,49,10,11.5,Clear
A-332,3,2/23/2016 6:53,39.933804,-82.789444,Pickerington,OH,30.9,72,10,3.5,Overcast
A-333,2,2/23/2016 7:02,39.571163,-84.202606,Springboro,OH,30,69,10,10.4,Clear
A-334,2,2/23/2016 7:15,39.175053,-84.236313,Milford,OH,31.8,79,10,3.5,Clear
A-335,2,2/23/2016 7:14,39.977322,-83.021095,Columbus,OH,28.9,69,10,6.9,Clear
A-336,2,2/23/2016 7:57,39.175728,-84.180763,Milford,OH,32,79,10,5.8,Clear
A-337,2,2/23/2016 7:54,39.688652,-84.127998,Dayton,OH,30.9,67,10,10.4,Clear
A-338,2,2/23/2016 8:17,39.628288,-84.226151,Miamisburg,OH,30.9,67,10,10.4,Clear
A-339,3,2/23/2016 8:21,39.96764,-83.060814,Columbus,OH,33.8,65,10,8.1,Clear
A-340,2,2/23/2016 8:48,39.797958,-84.255135,Dayton,OH,35.1,61,10,9.2,Overcast
A-341,2,2/23/2016 9:46,39.783669,-84.155045,Dayton,OH,38.3,53,10,11.5,Clear
A-342,2,2/23/2016 9:48,39.989044,-83.049088,Columbus,OH,39.9,55,10,8.1,Clear
A-343,2,2/23/2016 9:54,39.819721,-84.191528,Dayton,OH,39,55,10,15,Overcast
A-344,2,2/23/2016 11:41,39.783089,-84.188911,Dayton,OH,48.4,46,10,8.1,Clear
A-345,2,2/23/2016 13:34,39.590527,-84.170769,Dayton,OH,54,51,10,11.5,Clear
A-346,3,2/23/2016 16:30,41.40274,-81.817856,Brookpark,OH,36,70,10,15,Overcast
A-347,3,2/23/2016 17:28,40.039909,-82.996834,Columbus,OH,53.1,52,10,8.1,Overcast
A-348,3,2/23/2016 17:43,39.972336,-82.983917,Columbus,OH,53.1,52,10,8.1,Overcast
A-349,3,2/23/2016 18:20,40.00164,-82.923073,Columbus,OH,53.1,52,10,8.1,Overcast
A-350,3,2/23/2016 19:07,39.902088,-82.898178,Columbus,OH,50,64,10,8.1,Overcast
A-351,3,2/23/2016 22:13,39.833824,-83.100853,Grove City,OH,44.6,73,10,9.2,Overcast
A-352,2,2/24/2016 5:14,39.713467,-84.216095,Moraine,OH,41,93,4,20.7,Rain
A-353,2,2/24/2016 5:28,39.640202,-84.235283,Dayton,OH,42.1,89,3,17.3,Rain
A-354,3,2/24/2016 5:27,39.733723,-84.204971,Dayton,OH,37.9,100,2.5,21.9,Thunderstorm
A-355,3,2/24/2016 6:14,41.351006,-83.622826,Bowling Green,OH,33.1,85,3,15,Freezing Rain
A-356,3,2/24/2016 6:24,39.845287,-83.993217,Fairborn,OH,39.2,100,6,18.4,Rain
A-357,2,2/24/2016 6:25,39.607788,-84.228088,Miamisburg,OH,42.1,92,4,13.8,Rain
A-358,2,2/24/2016 6:31,39.873238,-84.137207,Dayton,OH,40.6,99,9,9.2,Rain
A-359,2,2/24/2016 6:37,40.058132,-82.922752,Columbus,OH,42.8,87,9,8.1,Rain
A-360,3,2/24/2016 6:50,41.420975,-81.689758,Cleveland,OH,33.8,100,2.5,15,Rain
A-361,3,2/24/2016 6:53,39.788414,-84.183693,Dayton,OH,40.6,99,9,9.2,Rain
A-362,2,2/24/2016 7:05,39.836643,-84.060753,Dayton,OH,40.6,99,9,9.2,Rain
A-363,2,2/24/2016 7:09,41.039829,-81.662872,Barberton,OH,39.9,86,4,12.7,Rain
A-365,2,2/24/2016 7:24,39.754055,-84.17588,Dayton,OH,40.6,99,9,9.2,Rain
A-366,2,2/24/2016 7:23,39.929844,-83.116486,Columbus,OH,42.8,100,5,9.2,Rain
A-367,2,2/24/2016 7:27,39.962147,-83.092667,Columbus,OH,42.8,100,5,9.2,Rain
A-368,2,2/24/2016 7:29,39.697266,-84.218781,Moraine,OH,44.1,89,5,16.1,Rain
A-369,2,2/24/2016 7:26,40.993092,-81.662689,Barberton,OH,39.9,89,4,12.7,Rain
A-370,3,2/24/2016 7:43,39.845287,-83.993217,Fairborn,OH,41,99,3,15,Rain
A-371,3,2/24/2016 7:39,41.041447,-81.565163,Akron,OH,39.9,89,4,12.7,Rain
A-372,3,2/24/2016 7:52,41.407391,-81.646767,Independence,OH,35.1,92,2,18.4,Rain
A-373,3,2/24/2016 7:51,41.037266,-81.583786,Barberton,OH,39.9,89,4,12.7,Rain
A-374,2,2/24/2016 8:02,39.598721,-84.161491,Dayton,OH,44.1,93,1.8,15,Thunderstorm
A-375,1,2/24/2016 7:59,40.018669,-81.565704,Cambridge,OH,46,86,7,11.5,Rain
A-376,2,2/24/2016 8:04,39.724251,-84.213158,Moraine,OH,44.1,93,1.8,15,Thunderstorm
A-377,2,2/24/2016 8:05,39.758556,-84.177246,Dayton,OH,41,99,3,15,Rain
A-378,2,2/24/2016 8:17,39.790565,-84.25914,Dayton,OH,39,96,1.8,15,Rain
A-379,2,2/24/2016 8:11,39.753105,-84.151581,Dayton,OH,41,99,3,15,Rain
A-380,2,2/24/2016 8:16,40.301411,-83.06575,Delaware,OH,41,93,7,11.5,Rain
A-381,2,2/24/2016 8:24,39.732567,-84.159004,Dayton,OH,45,90,2,16.1,Rain
A-382,2,2/24/2016 8:56,39.800358,-82.708252,Carroll,OH,48,89,10,9.2,Overcast
A-383,3,2/24/2016 11:13,41.351006,-83.622826,Bowling Green,OH,35.1,89,1.5,13.8,Rain
A-384,2,2/24/2016 11:26,39.790565,-84.25914,Dayton,OH,44.1,100,8,9.2,Overcast
A-385,2,2/24/2016 11:25,39.753105,-84.151581,Dayton,OH,50,100,10,9.2,Overcast
A-386,3,2/24/2016 17:11,40.11195,-83.016663,Columbus,OH,52,80,10,18.4,Overcast
A-387,2,2/25/2016 6:04,38.892097,-84.208702,Moscow,OH,33.8,90,10,15,Overcast
A-388,2,2/25/2016 6:37,39.981602,-82.885704,Columbus,OH,30.2,93,3,12.7,Snow
A-389,2,2/25/2016 7:53,41.337879,-82.216049,Oberlin,OH,30.9,92,0.5,23,Snow
A-390,2,2/25/2016 7:59,39.747112,-84.163826,Dayton,OH,33.4,90,7,12.7,Snow
A-391,3,2/25/2016 8:04,40.087536,-82.987419,Columbus,OH,32,88,9,15,Overcast
A-392,2,2/25/2016 9:26,39.782368,-84.203339,Dayton,OH,33.1,89,4,18.4,Snow
A-393,3,2/25/2016 9:46,39.878578,-83.049774,Grove City,OH,33.8,87,7,13.8,Overcast
A-394,2,2/25/2016 10:06,39.669388,-84.22226,Dayton,OH,33.1,85,4,11.5,Snow
A-395,2,2/25/2016 12:55,39.626953,-84.212288,Miamisburg,OH,35.1,78,2.5,18.4,Snow
A-396,2,2/25/2016 16:12,39.812687,-84.227348,Dayton,OH,33.1,89,5,20.7,Snow
A-397,2,2/25/2016 16:17,39.819839,-84.189087,Dayton,OH,33.1,89,5,20.7,Snow
A-398,2,2/26/2016 15:45,39.953262,-83.017952,Columbus,OH,32,50,10,8.1,Overcast
A-399,2,2/26/2016 15:53,39.739319,-84.157219,Dayton,OH,34.3,52,10,9.2,Overcast
A-400,3,2/26/2016 16:15,39.91468,-83.016907,Columbus,OH,32,51,10,9.2,Overcast
A-401,3,2/26/2016 16:21,41.037647,-81.584183,Barberton,OH,28.9,67,5,11.5,Snow
A-402,2,2/26/2016 16:51,39.798611,-84.207466,Dayton,OH,33.1,61,10,10.4,Overcast
A-403,3,2/27/2016 19:34,40.083206,-82.906799,Westerville,OH,42.1,55,10,6.9,Overcast
A-404,2,2/28/2016 12:58,39.749916,-84.139359,Dayton,OH,63.1,35,10,26.5,Clear
A-405,2,2/28/2016 18:09,39.752735,-84.145386,Dayton,OH,62.8,32,10,23,Clear
A-406,2,2/29/2016 4:45,39.689022,-84.220665,Dayton,OH,41,82,6,15,Haze
A-407,2,2/29/2016 6:02,39.778011,-84.200493,Dayton,OH,37,89,8,17.3,Overcast
A-408,2,2/29/2016 6:22,41.399147,-81.565674,Maple Heights,OH,36,86,10,21.9,Overcast
A-409,3,2/29/2016 7:14,39.596703,-84.238388,Miamisburg,OH,39,79,10,13.8,Overcast
A-410,3,2/29/2016 7:50,39.973015,-83.014801,Columbus,OH,37.9,70,10,13.8,Overcast
A-411,2,2/29/2016 8:11,39.777355,-84.19957,Dayton,OH,37.9,86,10,12.7,Overcast
A-412,2,2/29/2016 9:16,41.139114,-81.597305,Akron,OH,37,67,10,15,Overcast
A-413,2,2/29/2016 9:26,39.64724,-84.224319,Dayton,OH,39,70,4,9.2,Haze
A-414,2,2/29/2016 9:31,39.745487,-84.165443,Dayton,OH,39.2,75,10,11.5,Overcast
A-415,2,2/29/2016 10:25,39.732552,-84.121979,Dayton,OH,39.2,75,10,15,Overcast
A-416,2,2/29/2016 11:32,39.778011,-84.200493,Dayton,OH,42.1,70,10,18.4,Overcast
A-417,3,2/29/2016 12:51,40.002552,-83.118355,Columbus,OH,44.6,66,10,17.3,Overcast
A-418,2,2/29/2016 16:14,39.780014,-84.162888,Dayton,OH,54.1,40,10,15,Clear
A-419,2,2/29/2016 18:11,39.643101,-84.209923,Dayton,OH,53.1,37,10,11.5,Clear
A-420,2,2/29/2016 18:10,39.767769,-84.17717,Dayton,OH,52.5,41,10,13.8,Clear
A-421,2,2/29/2016 18:18,39.812687,-84.227348,Dayton,OH,50,52,10,11.5,Overcast
A-422,3,2/29/2016 18:42,39.986324,-82.985458,Columbus,OH,48.9,46,10,9.2,Overcast
A-423,3,2/29/2016 19:32,40.109913,-84.223648,Piqua,OH,44.6,66,10,5.8,Overcast
A-424,2,2/29/2016 19:52,39.83847,-84.246307,Dayton,OH,46,58,10,10.4,Overcast
A-425,2,2/29/2016 20:30,39.627991,-84.170219,Dayton,OH,45,52,10,4.6,Clear
A-426,2,3/1/2016 5:05,39.945835,-83.061295,Columbus,OH,34,85,10,3.5,Clear
A-427,2,3/1/2016 6:14,39.591389,-84.229485,Miamisburg,OH,37.9,68,10,8.1,Clear
A-428,2,3/1/2016 7:30,39.790302,-84.213905,Dayton,OH,37,79,10,9.2,Overcast
A-429,2,3/1/2016 7:31,39.927441,-83.056198,Columbus,OH,35.6,81,10,3.5,Clear
A-430,2,3/1/2016 7:46,39.946892,-82.915489,Columbus,OH,37,73,10,4.6,Overcast
A-431,3,3/1/2016 8:16,40.002552,-83.118355,Columbus,OH,33.8,87,10,3.5,Clear
A-432,2,3/1/2016 10:06,39.79031,-84.029114,Fairborn,OH,46.6,61,10,6.9,Clear
A-433,2,3/1/2016 10:19,39.087887,-84.236076,Batavia,OH,54.1,42,10,6.9,Overcast
A-434,2,3/1/2016 10:41,39.188583,-84.258705,Milford,OH,54.3,43,10,13.8,Overcast
A-435,2,3/1/2016 11:12,39.012833,-83.797585,Sardinia,OH,53.6,52,10,6.9,Overcast
A-436,3,3/1/2016 11:56,40.151196,-84.220032,Piqua,OH,42.8,93,4,9.2,Rain
A-437,2,3/1/2016 12:36,40.033405,-82.910225,Columbus,OH,55.9,39,10,8.1,Rain
A-438,2,3/1/2016 12:50,39.591389,-84.229485,Miamisburg,OH,48,71,10,8.1,Rain
A-439,2,3/1/2016 16:41,40.080338,-82.880074,Westerville,OH,48,96,4,5.8,Rain
A-441,3,3/1/2016 17:31,40.02504,-82.904129,Columbus,OH,48.2,93,8,8.1,Rain
A-442,3,3/1/2016 17:39,40.013062,-82.90213,Columbus,OH,48.2,100,8,9.2,Overcast
A-443,3,3/1/2016 18:07,40.065559,-82.906418,Columbus,OH,50,94,5,10.4,Rain
A-444,2,3/1/2016 18:37,39.588413,-84.229774,Miamisburg,OH,39,82,10,25.3,Overcast
A-445,2,3/1/2016 18:52,39.902195,-83.084763,Urbancrest,OH,48.2,87,10,15,Overcast
A-446,3,3/2/2016 16:36,41.370506,-83.616997,Bowling Green,OH,28.9,54,10,11.5,Overcast
A-447,2,3/2/2016 17:12,39.945427,-82.846558,Columbus,OH,30.9,47,10,5.8,Overcast
A-448,3,3/2/2016 17:32,39.945751,-82.846252,Columbus,OH,30.9,47,10,11.5,Overcast
A-449,2,3/2/2016 17:52,41.316475,-81.649101,Brecksville,OH,25,66,10,10.4,Overcast
A-450,2,3/2/2016 19:20,39.786633,-84.170837,Dayton,OH,29.8,48,10,5.8,Clear
A-451,2,3/2/2016 19:43,39.768337,-84.194244,Dayton,OH,28.9,56,10,4.6,Overcast
A-453,2,3/3/2016 4:51,40.005947,-82.858887,Columbus,OH,25,66,10,4.6,Overcast
A-454,2,3/3/2016 6:39,39.355782,-83.268311,Frankfort,OH,25.2,79,10,3.5,Overcast
A-455,3,3/3/2016 6:51,40.030914,-82.994598,Columbus,OH,27,61,10,6.9,Overcast
A-456,2,3/3/2016 7:40,39.746147,-84.183167,Dayton,OH,30.2,75,3,5.8,Snow
A-457,2,3/3/2016 7:43,39.771233,-84.1763,Dayton,OH,30.2,75,3,5.8,Snow
A-458,3,3/3/2016 7:44,39.976398,-83.119225,Columbus,OH,26.6,80,10,5.8,Overcast
A-459,3,3/3/2016 7:45,39.948391,-82.943558,Columbus,OH,28,58,10,9.2,Overcast
A-460,2,3/3/2016 8:07,39.321606,-84.070908,Blanchester,OH,28.9,78,4,3.5,Snow
A-462,2,3/3/2016 9:12,39.758556,-84.177246,Dayton,OH,30.6,79,10,5.8,Snow
A-463,3,3/3/2016 9:42,39.939571,-83.009911,Columbus,OH,30.2,69,10,5.8,Overcast
A-464,3,3/3/2016 10:05,39.747753,-84.205582,Dayton,OH,30,92,1,8.1,Snow
A-465,2,3/3/2016 11:28,39.815628,-84.093338,Dayton,OH,32,93,1,4.6,Snow
A-466,2,3/3/2016 11:51,39.635357,-84.216339,Dayton,OH,34,79,3,10.4,Snow
A-467,2,3/3/2016 11:57,39.757317,-84.151299,Dayton,OH,32,100,2.5,6.9,Snow
A-468,2,3/3/2016 14:24,39.768837,-84.201569,Dayton,OH,33.1,96,1.5,8.1,Snow
A-469,2,3/3/2016 14:58,39.749916,-84.139359,Dayton,OH,33.1,94,1.5,6.9,Snow
A-470,2,3/3/2016 15:06,39.685413,-84.220871,Dayton,OH,33.1,89,1,6.9,Snow
A-471,2,3/3/2016 15:07,39.919437,-82.775238,Pickerington,OH,33.1,82,2,8.1,Snow
A-472,2,3/3/2016 16:11,39.972076,-83.098183,Columbus,OH,30.2,100,1,4.6,Snow
A-473,3,3/3/2016 16:30,39.791206,-84.206223,Dayton,OH,34,96,2.5,8.1,Snow
A-474,2,3/3/2016 16:35,39.778645,-84.204765,Dayton,OH,33.1,96,2,6.9,Snow
A-475,2,3/3/2016 17:31,39.749916,-84.139359,Dayton,OH,32,100,1.8,6.9,Snow
A-476,3,3/3/2016 18:30,39.934155,-82.852524,Columbus,OH,30.2,93,1.5,4.6,Snow
A-477,3,3/3/2016 18:52,39.755344,-84.203598,Dayton,OH,32,100,1.8,5.8,Snow
A-478,3,3/3/2016 20:04,40.045822,-83.033424,Columbus,OH,32,92,2.5,6.9,Snow
A-479,3,3/3/2016 20:21,40.051949,-83.032806,Columbus,OH,32,92,2.5,6.9,Snow
A-480,2,3/4/2016 6:10,39.943745,-83.073151,Columbus,OH,31.6,100,2.5,3.5,Snow
A-481,3,3/4/2016 6:11,39.89217,-83.039169,Grove City,OH,31.6,100,2.5,3.5,Snow
A-483,3,3/4/2016 6:43,39.948158,-83.036201,Columbus,OH,31.6,100,2.5,3.5,Snow
A-484,3,3/4/2016 6:44,39.819839,-84.189087,Dayton,OH,30.9,96,2.5,12.7,Overcast
A-485,3,3/4/2016 6:45,39.788414,-84.183693,Dayton,OH,32.9,99,7,8.1,Overcast
A-486,2,3/4/2016 7:09,39.747406,-84.239487,Dayton,OH,30.9,96,3,12.7,Overcast
A-487,2,3/4/2016 7:09,39.747753,-84.205582,Dayton,OH,30.9,96,3,12.7,Overcast
A-488,3,3/4/2016 7:28,39.788414,-84.183693,Dayton,OH,32,100,2.5,9.2,Overcast
A-489,3,3/4/2016 7:37,41.351006,-83.622826,Bowling Green,OH,28.9,85,9,5.8,Overcast
A-490,2,3/4/2016 7:52,39.756203,-84.25322,Dayton,OH,30,96,4,13.8,Overcast
A-491,2,3/4/2016 7:59,39.943653,-83.060631,Columbus,OH,32,93,4,9.2,Overcast
A-492,2,3/4/2016 8:01,39.985336,-82.789841,Reynoldsburg,OH,32,80,6,9.2,Haze
A-493,3,3/4/2016 8:06,40.077419,-82.907898,Columbus,OH,32,80,6,9.2,Haze
A-494,2,3/4/2016 8:14,39.739037,-84.152107,Dayton,OH,31.8,99,6,10.4,Overcast
A-495,2,3/4/2016 8:24,40.083298,-84.117058,Casstown,OH,30,96,4,13.8,Overcast
A-496,2,3/4/2016 8:33,40.089439,-83.036194,Columbus,OH,32,88,6,9.2,Overcast
A-497,2,3/4/2016 10:17,39.735844,-84.121658,Dayton,OH,32.5,92,5,5.8,Overcast
A-498,2,3/4/2016 11:15,39.764576,-84.187706,Dayton,OH,32,93,10,3.5,Overcast
A-499,2,3/4/2016 11:50,39.747974,-84.215065,Dayton,OH,32,88,4,6.9,Overcast
A-500,2,3/4/2016 14:55,39.747753,-84.205582,Dayton,OH,32,88,5,8.1,Overcast
A-501,2,3/4/2016 14:55,39.95232,-83.037613,Columbus,OH,33.8,81,7,4.6,Overcast
A-502,2,3/4/2016 16:46,40.01757,-82.928978,Columbus,OH,34,70,10,9.2,Overcast
A-503,2,3/4/2016 17:31,39.956528,-83.018555,Columbus,OH,33.8,75,7,5.8,Overcast
A-504,2,3/4/2016 17:28,39.939571,-83.009911,Columbus,OH,33.8,75,7,5.8,Overcast
A-505,2,3/4/2016 18:53,39.749916,-84.139359,Dayton,OH,33.1,82,10,2.3,Overcast
A-506,3,3/5/2016 7:07,41.137856,-83.658844,Findlay,OH,30.9,85,5,8.1,Overcast
A-507,2,3/7/2016 6:40,41.112324,-81.609924,Akron,OH,37,76,10,9.2,Clear
A-508,3,3/7/2016 6:40,40.109077,-83.091064,Dublin,OH,39,79,10,8.1,Clear
A-509,2,3/7/2016 6:55,39.779266,-84.23465,Dayton,OH,42.1,70,10,9.2,Overcast
A-510,3,3/7/2016 7:27,41.420975,-81.689758,Cleveland,OH,46.9,56,10,21.9,Clear
A-511,2,3/7/2016 9:02,39.596703,-84.238388,Miamisburg,OH,48.9,54,10,12.7,Clear
A-512,2,3/7/2016 9:03,39.772823,-84.135612,Dayton,OH,46.4,66,10,8.1,Overcast
A-513,3,3/7/2016 9:04,40.109497,-83.090813,Columbus,OH,45,65,10,10.4,Clear
A-514,2,3/7/2016 10:32,40.080402,-82.877457,Westerville,OH,52,47,10,11.5,Overcast
A-515,2,3/7/2016 10:55,39.741417,-84.18055,Dayton,OH,60.1,37,10,20.7,Overcast
A-516,2,3/7/2016 11:10,39.760406,-84.195686,Dayton,OH,60.1,37,10,20.7,Overcast
A-517,2,3/7/2016 11:20,39.627781,-84.188354,Dayton,OH,57.9,41,10,15,Clear
A-518,2,3/7/2016 14:48,39.706184,-84.217506,Dayton,OH,62.1,34,10,19.6,Clear
A-519,2,3/7/2016 15:48,39.812687,-84.227348,Dayton,OH,59,46,10,13.8,Rain
A-520,2,3/7/2016 16:07,39.767471,-84.157867,Dayton,OH,62.4,35,10,17.3,Rain
A-521,3,3/7/2016 17:05,39.902088,-82.898178,Columbus,OH,58.8,47,10,8.1,Overcast
A-522,3,3/7/2016 21:49,40.699066,-84.089935,Lima,OH,52,59,10,9.2,Clear
A-523,2,3/8/2016 4:25,39.811291,-84.235176,Dayton,OH,51.1,56,10,9.2,Overcast
A-524,2,3/8/2016 4:57,39.811291,-84.235176,Dayton,OH,53.1,52,10,10.4,Overcast
A-525,2,3/8/2016 4:55,39.872375,-84.055153,Dayton,OH,50.5,58,10,5.8,Overcast
A-526,2,3/8/2016 5:31,39.916485,-82.897026,Columbus,OH,54,47,10,5.8,Overcast
A-527,2,3/8/2016 6:10,39.019779,-84.205818,Amelia,OH,55.4,49,10,5.8,Clear
A-528,2,3/8/2016 6:47,39.096836,-84.253273,Batavia,OH,55.2,50,10,4.6,Clear
A-529,2,3/8/2016 6:54,40.006477,-83.030991,Columbus,OH,53.1,52,10,10.4,Overcast
A-530,2,3/8/2016 6:57,40.080402,-82.877457,Westerville,OH,55,47,10,9.2,Overcast
A-531,2,3/8/2016 7:29,39.748081,-84.139458,Dayton,OH,56.7,51,10,13.8,Overcast
A-532,3,3/8/2016 7:26,40.003059,-82.862289,Columbus,OH,55,49,10,9.2,Overcast
A-533,3,3/8/2016 7:46,41.36795,-81.821655,Cleveland,OH,53.1,50,10,10.4,Overcast
A-534,2,3/8/2016 8:09,39.757771,-84.142036,Dayton,OH,56.7,51,10,13.8,Overcast
A-535,2,3/8/2016 9:20,39.749916,-84.139359,Dayton,OH,61.2,46,10,18.4,Overcast
A-536,2,3/8/2016 10:36,39.106014,-84.147224,Batavia,OH,65.1,43,10,11.5,Clear
A-537,2,3/8/2016 10:37,39.603619,-84.228577,Miamisburg,OH,66,45,10,16.1,Clear
A-538,2,3/8/2016 10:39,39.636219,-84.217758,Dayton,OH,66,45,10,16.1,Clear
A-539,2,3/8/2016 10:55,39.790596,-84.253807,Dayton,OH,66,50,10,19.6,Overcast
A-540,2,3/8/2016 12:14,39.786629,-84.18869,Dayton,OH,70.2,43,10,18.4,Clear
A-541,3,3/8/2016 12:20,40.112133,-83.016998,Columbus,OH,68,45,10,13.8,Overcast
A-542,2,3/8/2016 13:19,39.753288,-84.191978,Dayton,OH,71.6,41,10,18.4,Clear
A-543,2,3/8/2016 16:13,39.770718,-84.211449,Dayton,OH,71.1,39,10,16.1,Overcast
A-544,2,3/8/2016 17:11,39.995968,-83.024574,Columbus,OH,71.1,32,10,15,Clear
A-545,2,3/8/2016 17:26,40.131283,-83.089745,Dublin,OH,69.1,32,10,11.5,Clear
A-546,2,3/8/2016 17:56,40.103794,-83.13369,Dublin,OH,69.1,32,10,11.5,Clear
A-547,3,3/8/2016 17:55,40.047691,-82.997086,Columbus,OH,69.1,32,10,11.5,Clear
A-548,3,3/8/2016 18:41,39.93639,-82.881676,Columbus,OH,66.9,31,10,8.1,Overcast
A-549,3,3/9/2016 6:07,40.827763,-83.975716,Lima,OH,57,64,10,16.1,Clear
A-550,2,3/9/2016 6:42,39.671558,-84.252678,Dayton,OH,55.9,64,10,9.2,Clear
A-551,2,3/9/2016 6:50,40.028641,-83.015099,Columbus,OH,55,64,10,8.1,Clear
A-552,3,3/9/2016 7:22,40.02404,-82.994797,Columbus,OH,54,66,10,4.6,Overcast
A-553,2,3/9/2016 8:13,40.11182,-82.901276,Westerville,OH,54,66,10,4.6,Overcast
A-554,3,3/9/2016 8:39,40.099171,-83.134499,Dublin,OH,63,58,10,13.8,Clear
A-555,2,3/9/2016 8:38,40.059711,-82.419037,Newark,OH,61,62,10,6.9,Clear
A-556,2,3/9/2016 9:38,39.801685,-84.253998,Dayton,OH,64,58,10,16.1,Overcast
A-557,2,3/9/2016 9:41,39.798016,-84.250183,Dayton,OH,64,58,10,16.1,Overcast
A-558,2,3/9/2016 9:40,39.995106,-83.025337,Columbus,OH,63,58,10,13.8,Overcast
A-559,2,3/9/2016 11:27,39.740906,-84.182121,Dayton,OH,66,54,10,15,Overcast
A-560,2,3/9/2016 11:41,39.757221,-84.205894,Dayton,OH,70.2,49,10,19.6,Overcast
A-561,2,3/9/2016 11:40,39.745384,-84.183006,Dayton,OH,70.2,49,10,19.6,Overcast
A-562,2,3/9/2016 11:56,39.658932,-84.157677,Dayton,OH,70,47,10,21.9,Overcast
A-563,2,3/9/2016 13:55,39.780712,-84.187233,Dayton,OH,73,44,10,18.4,Overcast
A-564,2,3/9/2016 14:28,39.754055,-84.17588,Dayton,OH,69.8,49,7,17.3,Rain
A-565,2,3/9/2016 14:47,39.828781,-84.198395,Dayton,OH,66.9,59,9,16.1,Rain
A-566,2,3/9/2016 15:01,39.805809,-84.222435,Dayton,OH,66.9,59,9,16.1,Rain
A-567,3,3/10/2016 5:22,39.896893,-83.723129,Springfield,OH,55.4,100,7,5.8,Overcast
A-568,3,3/10/2016 6:09,39.715988,-84.219238,Dayton,OH,57,89,10,6.9,Overcast
A-569,3,3/10/2016 6:12,39.896893,-83.723129,Springfield,OH,55.9,100,10,4.6,Overcast
A-570,3,3/10/2016 7:10,39.715988,-84.219238,Dayton,OH,59,87,10,9.2,Rain
A-571,3,3/10/2016 7:22,39.933804,-82.789444,Pickerington,OH,59,87,6,9.2,Rain
A-572,2,3/10/2016 7:35,39.668198,-84.147636,Dayton,OH,59,87,10,6.9,Overcast
A-573,2,3/10/2016 7:41,39.781204,-84.205582,Dayton,OH,57.9,93,7,13.8,Rain
A-574,3,3/10/2016 7:42,39.901142,-84.187897,Vandalia,OH,57.9,93,7,13.8,Rain
A-575,2,3/10/2016 7:56,39.903053,-83.162949,Galloway,OH,57.2,100,7,11.5,Rain
A-576,2,3/10/2016 8:03,39.783173,-84.117981,Dayton,OH,59.2,100,10,11.5,Overcast
A-577,2,3/10/2016 8:12,39.085529,-84.178314,Batavia,OH,60.1,93,10,6.9,Overcast
A-578,3,3/10/2016 8:48,40.111134,-82.992203,Columbus,OH,57.2,100,10,6.9,Overcast
A-579,3,3/10/2016 9:32,39.948391,-82.943558,Columbus,OH,59,93,10,9.2,Overcast
A-580,2,3/10/2016 9:36,39.786411,-84.253769,Dayton,OH,57.9,100,1.2,13.8,Rain
A-581,2,3/10/2016 9:37,39.782368,-84.203339,Dayton,OH,57.9,100,1.8,9.2,Rain
A-582,2,3/10/2016 9:36,39.74688,-84.159866,Dayton,OH,59,100,2.5,15,Rain
A-583,2,3/10/2016 10:00,39.596725,-84.231667,Miamisburg,OH,59,90,6,8.1,Rain
A-584,2,3/10/2016 10:33,39.784584,-84.152267,Dayton,OH,60.8,100,2.8,10.4,Rain
A-585,2,3/10/2016 11:08,39.769596,-84.176964,Dayton,OH,59.9,100,2.8,10.4,Rain
A-586,3,3/10/2016 11:29,39.696461,-83.456673,Bloomingburg,OH,60.1,90,1.8,13.8,Rain
A-587,3,3/10/2016 11:27,39.978477,-83.119835,Columbus,OH,59,94,5,6.9,Rain
A-588,2,3/10/2016 13:25,39.773762,-84.14045,Dayton,OH,60.8,100,4,11.5,Rain
A-589,3,3/10/2016 14:44,39.956909,-83.044914,Columbus,OH,60.8,94,2,9.2,Rain
A-590,3,3/10/2016 15:02,39.788414,-84.183693,Dayton,OH,60.8,100,2.5,6.9,Rain
A-591,2,3/10/2016 15:29,38.843636,-82.216187,Gallipolis,OH,66,70,10,5,Rain
A-592,2,3/10/2016 16:14,39.741505,-84.16555,Dayton,OH,60.8,100,2,5.8,Rain
A-593,3,3/10/2016 15:57,39.978668,-82.974152,Columbus,OH,60.1,90,5,12.7,Rain
A-594,3,3/10/2016 16:41,39.596703,-84.238388,Miamisburg,OH,60.1,93,2,6.9,Rain
A-595,2,3/10/2016 18:08,39.919376,-82.936417,Columbus,OH,58.5,99,5,5.8,Rain
A-596,3,3/10/2016 18:34,39.788647,-84.183907,Dayton,OH,57.6,100,2.5,11.5,Rain
A-597,2,3/10/2016 19:17,39.858292,-83.003548,Lockbourne,OH,58.6,98,5,9.2,Rain
A-598,2,3/10/2016 20:21,39.832066,-83.000374,Lockbourne,OH,56.5,95,10,9.2,Rain
A-599,2,3/11/2016 5:06,39.965687,-83.009842,Columbus,OH,46.9,80,8,10.4,Overcast
A-600,3,3/11/2016 7:22,39.974941,-83.10006,Columbus,OH,44.6,93,10,6.9,Overcast
A-601,2,3/11/2016 7:28,41.403664,-82.13942,Elyria,OH,37,89,10,9.2,Overcast
A-603,2,3/11/2016 7:46,41.420448,-81.828468,Cleveland,OH,37,89,10,12.7,Overcast
A-604,2,3/11/2016 8:06,39.816311,-84.130341,Dayton,OH,45.5,98,10,10.4,Overcast
A-605,2,3/11/2016 8:38,39.798302,-84.235229,Dayton,OH,45,90,7,12.7,Overcast
A-606,2,3/11/2016 8:36,39.767513,-84.194016,Dayton,OH,45,90,7,12.7,Overcast
A-607,2,3/11/2016 9:01,39.671932,-84.210815,Dayton,OH,46.9,80,8,12.7,Overcast
A-608,2,3/11/2016 9:20,39.781044,-84.242554,Dayton,OH,45,90,7,12.7,Overcast
A-609,2,3/11/2016 9:12,39.774738,-84.174683,Dayton,OH,45.9,95,10,10.4,Overcast
A-610,2,3/11/2016 9:42,39.767204,-84.162796,Dayton,OH,46.4,87,10,12.7,Overcast
A-611,2,3/11/2016 9:37,39.95166,-83.017601,Columbus,OH,45,80,10,9.2,Overcast
A-612,3,3/11/2016 9:37,39.950317,-83.017242,Columbus,OH,46.4,87,10,12.7,Overcast
A-613,2,3/11/2016 9:50,39.732437,-84.20874,Moraine,OH,46,83,8,11.5,Overcast
A-614,2,3/11/2016 10:05,39.253136,-84.135544,Goshen,OH,49.6,82,10,8.1,Overcast
A-615,2,3/11/2016 10:06,39.790283,-84.190063,Dayton,OH,46,86,9,10.4,Overcast
A-616,2,3/11/2016 10:39,39.946922,-83.031151,Columbus,OH,48.2,76,10,5.8,Overcast
A-617,2,3/11/2016 10:51,39.956467,-83.045815,Columbus,OH,48.2,76,10,5.8,Overcast
A-618,2,3/11/2016 11:36,39.641197,-84.157799,Dayton,OH,48.9,74,10,10.4,Overcast
A-619,2,3/11/2016 12:18,41.425308,-81.897865,North Olmsted,OH,37,89,10,8.1,Overcast
A-620,4,3/11/2016 13:18,39.917412,-83.014236,Columbus,OH,51.8,67,10,5.8,Clear
A-622,2,3/11/2016 15:30,39.994205,-83.024689,Columbus,OH,55.9,55,10,5.8,Clear
A-623,3,3/11/2016 17:02,40.004406,-82.918137,Columbus,OH,57,51,10,6.9,Overcast
A-624,3,3/11/2016 17:10,40.084126,-83.137772,Dublin,OH,57,51,10,8.1,Clear
A-625,2,3/11/2016 17:15,39.959778,-82.997467,Columbus,OH,57,51,10,6.9,Overcast
A-626,3,3/11/2016 17:07,40.008327,-82.986023,Columbus,OH,57,51,10,6.9,Overcast
A-627,3,3/11/2016 17:35,39.977394,-83.150467,Columbus,OH,55.4,54,10,4.6,Clear
A-628,3,3/11/2016 18:34,40.025917,-82.994576,Columbus,OH,51.1,61,10,3.5,Overcast
A-630,3,3/12/2016 10:48,41.060379,-81.554153,Akron,OH,57,51,10,3.5,Clear
A-631,3,3/12/2016 11:55,40.10564,-82.949692,Columbus,OH,59,55,10,3.5,Clear
A-632,2,3/14/2016 4:23,39.732307,-84.240646,Dayton,OH,57,100,6,9.2,Overcast
A-633,2,3/14/2016 6:10,38.892097,-84.208702,Moscow,OH,56.7,100,10,3.5,Overcast
A-634,2,3/14/2016 7:03,39.536186,-84.235069,Springboro,OH,55.9,97,2.5,10.4,Overcast
A-635,2,3/14/2016 7:27,39.805882,-84.215782,Dayton,OH,57,100,5,8.1,Overcast
A-636,2,3/14/2016 7:31,39.944817,-82.877861,Columbus,OH,57.2,94,9,5.8,Overcast
A-638,2,3/14/2016 7:56,39.734035,-84.14502,Dayton,OH,57.4,100,6,5.8,Overcast
A-639,2,3/14/2016 7:58,39.808914,-83.978333,Fairborn,OH,57.4,100,6,5.8,Overcast
A-640,2,3/14/2016 8:03,39.735283,-84.161659,Dayton,OH,55.9,97,3,6.9,Overcast
A-641,2,3/14/2016 8:06,39.820873,-84.237328,Dayton,OH,55.9,100,0.5,10.4,Overcast
A-642,2,3/14/2016 8:07,40.105621,-83.091125,Dublin,OH,57,96,5,8.1,Overcast
A-643,2,3/14/2016 8:35,39.050854,-84.07486,Batavia,OH,57.4,100,10,3.5,Overcast
A-644,2,3/14/2016 9:01,39.751579,-84.239983,Dayton,OH,57,100,0.5,9.2,Overcast
A-645,3,3/14/2016 9:03,41.404495,-82.116928,Elyria,OH,57.9,90,6,11.5,Overcast
A-646,2,3/14/2016 9:14,39.625694,-84.200005,Dayton,OH,57.9,93,6,4.6,Overcast
A-647,2,3/14/2016 9:22,41.383537,-83.641235,Bowling Green,OH,57,89,4,9.2,Overcast
A-648,2,3/14/2016 9:34,39.76926,-84.236465,Dayton,OH,57,100,2,9.2,Overcast
A-649,2,3/14/2016 9:34,39.592564,-84.155518,Dayton,OH,57.9,93,6,4.6,Overcast
A-650,2,3/14/2016 11:15,39.788414,-84.183693,Dayton,OH,60.8,100,10,1.2,Overcast
A-651,2,3/14/2016 13:12,39.800083,-84.218697,Dayton,OH,62.1,86,2,6.9,Rain
A-652,3,3/14/2016 13:33,39.733723,-84.204971,Dayton,OH,61,93,4,6.9,Rain
A-653,2,3/14/2016 15:02,39.738392,-84.140419,Dayton,OH,65.8,84,10,13.8,Overcast
A-654,3,3/14/2016 17:19,39.645313,-84.232414,Dayton,OH,66.9,57,10,11.5,Overcast
A-655,3,3/14/2016 17:28,39.651726,-84.233627,Dayton,OH,66,63,10,8.1,Overcast
A-656,3,3/15/2016 6:01,39.945255,-82.600075,Millersport,OH,55.9,84,9,11.5,Overcast
A-657,2,3/15/2016 6:58,39.783661,-84.166382,Dayton,OH,54.3,100,5,2.3,Overcast
A-658,2,3/15/2016 7:22,40.082298,-82.896858,Westerville,OH,53.6,82,6,8.1,Haze
A-659,2,3/15/2016 7:47,39.751259,-84.167778,Dayton,OH,53.6,100,2,1.2,Overcast
A-660,2,3/15/2016 7:56,39.748081,-84.139458,Dayton,OH,54.3,100,1.5,2.3,Overcast
A-661,2,3/15/2016 8:06,39.943745,-83.073151,Columbus,OH,53.6,94,4,5.8,Overcast
A-662,3,3/15/2016 8:13,41.407391,-81.646767,Independence,OH,43,97,0.8,9.2,Rain
A-663,2,3/15/2016 8:25,39.802471,-84.235107,Dayton,OH,53.1,100,2,3.5,Overcast
A-664,2,3/15/2016 11:13,39.787209,-84.205185,Dayton,OH,55,93,4,3.5,Overcast
A-665,2,3/15/2016 12:30,39.731812,-84.15831,Dayton,OH,60.8,77,10,2.3,Overcast
A-666,3,3/15/2016 13:13,39.733723,-84.204971,Dayton,OH,62.1,72,10,5.8,Overcast
A-667,2,3/15/2016 14:22,39.812775,-84.220001,Dayton,OH,64.9,68,10,5.8,Overcast
A-668,2,3/15/2016 14:31,39.794266,-84.215851,Dayton,OH,66.9,59,10,8.1,Overcast
A-669,2,3/15/2016 14:57,39.764576,-84.187706,Dayton,OH,67.8,63,10,3.5,Clear
A-670,2,3/15/2016 16:04,39.819523,-84.204681,Dayton,OH,68,59,10,8.1,Overcast
A-671,3,3/16/2016 5:01,39.788414,-84.183693,Dayton,OH,63.1,71,5,9.2,Haze
A-672,2,3/16/2016 4:59,39.980274,-82.83625,Columbus,OH,60.1,62,10,5.8,Overcast
A-673,3,3/16/2016 5:09,39.773193,-84.187454,Dayton,OH,64.4,68,7,15,Overcast
A-674,2,3/16/2016 6:29,39.941711,-83.978874,New Carlisle,OH,60.4,68,7,13.8,Overcast
A-675,2,3/16/2016 6:47,39.737404,-84.185776,Dayton,OH,60.4,68,7,13.8,Overcast
A-676,2,3/16/2016 6:49,40.082397,-82.906921,Westerville,OH,64,56,10,12.7,Overcast
A-677,2,3/16/2016 7:08,39.184589,-84.235176,Milford,OH,62.1,60,10,13.8,Overcast
A-678,2,3/16/2016 7:10,39.923038,-82.784538,Pickerington,OH,64,60,10,8.1,Overcast
A-679,2,3/16/2016 7:23,39.745384,-84.183006,Dayton,OH,59,67,7,19.6,Overcast
A-680,2,3/16/2016 7:38,39.870964,-82.855354,Groveport,OH,61.2,71,10,11.5,Overcast
A-681,3,3/16/2016 7:38,39.981812,-83.118767,Columbus,OH,62.6,72,10,9.2,Overcast
A-682,3,3/16/2016 7:31,39.997391,-83.118156,Columbus,OH,62.6,72,10,11.5,Overcast
A-683,3,3/16/2016 7:55,39.632637,-84.203033,Dayton,OH,59,64,10,15,Overcast
A-684,2,3/16/2016 8:54,39.9767,-83.045517,Columbus,OH,59,64,10,17.3,Overcast
A-685,2,3/16/2016 9:25,39.72419,-84.152336,Dayton,OH,56.5,61,10,21.9,Overcast
A-686,3,3/16/2016 9:36,39.770382,-84.194901,Dayton,OH,55,59,10,23,Overcast
A-687,2,3/16/2016 10:41,40.266563,-82.928535,Sunbury,OH,57.2,51,10,23,Overcast
A-688,3,3/16/2016 12:24,41.422028,-81.877464,North Olmsted,OH,59,46,10,31.1,Overcast
A-689,2,3/17/2016 4:12,39.820084,-84.167557,Dayton,OH,42.1,65,10,8.1,Overcast
A-690,2,3/17/2016 6:55,39.754055,-84.17588,Dayton,OH,37.8,81,10,6.9,Clear
A-691,2,3/17/2016 7:12,39.122822,-84.135796,Owensville,OH,46.8,57,10,5.8,Clear
A-692,2,3/17/2016 7:31,39.803738,-84.224617,Dayton,OH,42.1,65,10,9.2,Clear
A-693,2,3/17/2016 7:38,39.596882,-84.117653,Dayton,OH,43,60,10,5.8,Clear
A-694,2,3/17/2016 7:56,39.615669,-84.135452,Dayton,OH,43,60,10,5.8,Clear
A-695,2,3/17/2016 8:07,39.973015,-83.014801,Columbus,OH,45,56,10,4.6,Overcast
A-696,2,3/17/2016 8:07,39.949711,-82.970123,Columbus,OH,45,56,10,4.6,Overcast
A-697,2,3/17/2016 8:28,39.949711,-82.970123,Columbus,OH,48,52,10,6.9,Clear
A-698,3,3/17/2016 8:51,39.733723,-84.204971,Dayton,OH,46.9,59,10,10.4,Clear
A-699,2,3/17/2016 8:50,39.74773,-84.172325,Dayton,OH,45.5,71,10,8.1,Clear
A-700,2,3/17/2016 8:58,39.740417,-84.186539,Dayton,OH,45.5,71,10,8.1,Clear
A-701,2,3/17/2016 9:08,39.625694,-84.200005,Dayton,OH,48,52,10,6.9,Clear
A-702,2,3/17/2016 9:30,39.785046,-84.236137,Dayton,OH,50,50,10,18.4,Overcast
A-703,2,3/17/2016 11:10,39.749626,-84.178291,Dayton,OH,55,40,10,13.8,Clear
A-704,2,3/17/2016 11:10,39.783344,-84.253738,Dayton,OH,54,43,10,16.1,Overcast
A-705,2,3/17/2016 11:10,39.820084,-84.167557,Dayton,OH,54,43,10,16.1,Overcast
A-706,2,3/17/2016 11:10,39.739201,-84.230324,Dayton,OH,54,43,10,16.1,Overcast
A-707,2,3/17/2016 11:10,39.790916,-84.235085,Dayton,OH,54,43,10,16.1,Overcast
A-708,2,3/17/2016 14:50,39.80933,-84.235146,Dayton,OH,55,31,10,21.9,Overcast
A-709,3,3/17/2016 17:28,39.904541,-83.02684,Grove City,OH,57.2,31,10,16.1,Overcast
A-710,3,3/17/2016 20:18,39.982506,-82.98452,Columbus,OH,52,34,10,11.5,Overcast
A-712,2,3/18/2016 6:48,39.736004,-84.143448,Dayton,OH,39.7,72,10,3.5,Overcast
A-713,2,3/18/2016 7:10,39.598721,-84.161491,Dayton,OH,37,70,10,3.5,Clear
A-714,2,3/18/2016 9:09,39.74004,-84.194923,Dayton,OH,46,51,10,10.4,Overcast
A-715,2,3/18/2016 10:55,39.77626,-84.243752,Dayton,OH,50,38,10,12.7,Overcast
A-716,2,3/18/2016 11:10,39.62394,-84.194153,Dayton,OH,50,44,10,12.7,Clear
A-717,2,3/18/2016 11:44,39.732327,-84.163055,Dayton,OH,51.1,35,10,11.5,Clear
A-718,2,3/18/2016 11:44,39.772064,-84.253517,Dayton,OH,52,32,10,15,Overcast
A-719,2,3/18/2016 13:27,39.772064,-84.253517,Dayton,OH,55,30,10,17.3,Overcast
A-720,3,3/18/2016 13:52,40.263664,-82.927452,Sunbury,OH,53.6,26,10,15,Clear
A-721,2,3/18/2016 14:16,39.658939,-84.223244,Dayton,OH,55.9,26,10,17.3,Clear
A-722,2,3/18/2016 14:38,39.67889,-84.221413,Dayton,OH,57,23,10,17.3,Clear
A-723,2,3/18/2016 14:39,39.749786,-84.199493,Dayton,OH,55.4,25,10,19.6,Overcast
A-724,2,3/18/2016 16:16,39.745384,-84.183006,Dayton,OH,55.8,25,10,15,Overcast
A-725,2,3/18/2016 16:36,39.625694,-84.200005,Dayton,OH,55.9,21,10,12.7,Clear
A-726,3,3/18/2016 16:59,40.120651,-82.973045,Westerville,OH,53.1,26,10,18.4,Overcast
A-727,3,3/18/2016 17:44,41.128685,-81.652153,Akron,OH,48.9,39,10,16.1,Overcast
A-728,2,3/18/2016 18:15,39.959805,-83.370483,London,OH,51.8,35,10,11.5,Clear
A-179184,2,12/5/2016 7:49,41.716816,-83.604858,Toledo,OH,37,83,10,5.8,Overcast
A-181364,3,12/22/2016 14:10,41.721436,-83.501366,Toledo,OH,39.2,63,10,4.6,Overcast
A-181550,2,12/27/2016 4:28,41.712734,-83.556625,Toledo,OH,32.9,72,10,16.1,Overcast
A-182194,2,1/9/2017 7:43,41.722279,-83.536194,Toledo,OH,19.9,61,10,8.1,Overcast
A-182289,3,1/10/2017 7:18,41.721436,-83.501366,Toledo,OH,33.4,92,4,6.9,Snow
A-182440,2,1/11/2017 8:24,41.727242,-83.524315,Toledo,OH,32.2,88,7,6.9,Clear
A-182441,2,1/11/2017 8:24,41.715591,-83.506302,Toledo,OH,32.2,88,7,6.9,Clear
A-183068,2,1/19/2017 8:15,41.710205,-83.55658,Toledo,OH,35.2,88,5,4.6,Overcast
A-183124,2,1/20/2017 6:07,41.721249,-83.586067,Toledo,OH,34.9,94,4,11.5,Rain
A-183137,3,1/20/2017 8:06,41.721436,-83.501366,Toledo,OH,35.8,94,2.5,5.8,Rain
A-184397,2,11/2/2016 7:17,41.72287,-83.51519,Toledo,OH,65.7,67,10,3.5,Clear
A-185115,2,11/10/2016 11:47,41.719952,-83.676483,Sylvania,OH,57.2,47,10,9.2,Clear
A-186194,2,11/24/2016 21:17,41.717373,-83.738205,Sylvania,OH,41.5,87,7,5.8,Overcast
A-186409,2,11/29/2016 7:22,41.722279,-83.536194,Toledo,OH,52.7,80,10,11.5,Clear
A-188511,2,10/5/2016 8:36,41.726891,-83.583969,Toledo,OH,62.4,80,10,9.2,Clear
A-188716,3,10/7/2016 17:05,41.721436,-83.501366,Toledo,OH,82.9,37,10,3.5,Clear
A-191907,3,9/7/2016 10:17,41.721436,-83.501366,Toledo,OH,81.9,74,10,6.9,Clear
A-191908,2,9/7/2016 10:46,41.721436,-83.501366,Toledo,OH,84.6,69,10,6.9,Clear
A-220949,2,6/21/2016 10:33,39.787209,-84.205185,Dayton,OH,77,69,10,5.8,Overcast
A-220950,2,6/21/2016 11:48,39.791203,-84.201782,Dayton,OH,81,49,10,9.2,Overcast
A-220951,2,6/21/2016 12:29,39.78828,-84.181793,Dayton,OH,82.4,54,10,11.5,Overcast
A-220952,3,6/21/2016 12:33,39.869961,-84.137642,Dayton,OH,82.4,54,10,11.5,Overcast
A-220953,2,6/21/2016 12:57,39.73069,-84.141121,Dayton,OH,82.4,54,10,11.5,Overcast
A-220954,2,6/21/2016 11:55,39.78828,-84.181793,Dayton,OH,80.8,71,10,11.5,Overcast
A-220955,2,6/21/2016 13:36,39.78281,-84.209038,Dayton,OH,84.9,40,10,17.3,Overcast
A-220956,3,6/21/2016 14:05,40.013062,-82.90213,Columbus,OH,86,43,10,12.7,Overcast
A-220957,2,6/21/2016 16:09,39.812687,-84.227348,Dayton,OH,84.9,33,10,23,Clear
A-220958,2,6/21/2016 16:08,39.758713,-84.177284,Dayton,OH,86,31,10,16.1,Clear
A-220959,2,6/21/2016 16:18,39.819721,-84.191528,Dayton,OH,84.9,33,10,23,Clear
A-220960,2,6/21/2016 16:27,39.745384,-84.183006,Dayton,OH,86,31,10,16.1,Clear
A-220961,3,6/21/2016 16:58,39.955505,-82.983559,Columbus,OH,87.1,25,10,15,Clear
A-220962,3,6/21/2016 17:28,39.979351,-82.983917,Columbus,OH,86,27,10,19.6,Clear
A-220963,3,6/21/2016 17:40,40.10059,-82.925194,Westerville,OH,86,27,10,19.6,Clear
A-220964,2,6/21/2016 18:56,39.974556,-83.816139,Springfield,OH,82.9,39,10,13.8,Clear
A-220965,3,6/21/2016 20:22,41.420582,-81.780304,Cleveland,OH,77,39,10,11.5,Overcast
A-220966,2,6/22/2016 4:49,39.546005,-84.136795,Waynesville,OH,61,81,10,5.8,Clear
A-220969,2,6/22/2016 5:36,39.775768,-84.199905,Dayton,OH,66,60,10,4.6,Overcast
A-220974,3,6/22/2016 8:49,39.932709,-82.83091,Reynoldsburg,OH,66.9,63,10,3.5,Overcast
A-220975,3,6/22/2016 9:14,41.371895,-81.820786,Cleveland,OH,70,51,10,6.9,Overcast
A-220976,2,6/22/2016 10:47,39.732552,-84.20787,Dayton,OH,72,68,10,15,Overcast
A-220977,2,6/22/2016 11:42,39.819721,-84.191528,Dayton,OH,69.1,78,10,5.8,Rain
A-220978,2,6/22/2016 11:42,39.948391,-82.943558,Columbus,OH,72,59,10,9.2,Overcast
A-220979,2,6/22/2016 14:22,39.63451,-84.212669,Dayton,OH,71.1,73,10,4.6,Overcast
A-220980,2,6/22/2016 15:24,39.696247,-84.213905,Dayton,OH,72,76,10,5.8,Overcast
A-220981,2,6/22/2016 15:40,39.812775,-84.220001,Dayton,OH,71.1,78,10,16.1,Overcast
A-220982,2,6/22/2016 15:48,39.747753,-84.205582,Dayton,OH,71.1,78,10,16.1,Overcast
A-220983,2,6/22/2016 16:20,39.827496,-84.198357,Dayton,OH,71.1,78,10,16.1,Overcast
A-220984,2,6/22/2016 16:20,39.740063,-84.191833,Dayton,OH,71.6,81,10,11.5,Overcast
A-220985,3,6/22/2016 16:43,39.715988,-84.219238,Dayton,OH,75,73,10,8.1,Clear
A-220986,3,6/22/2016 17:13,39.715988,-84.219238,Dayton,OH,75,73,10,8.1,Clear
A-220987,2,6/22/2016 17:22,40.005852,-83.11869,Columbus,OH,75.2,65,10,9.2,Clear
A-220988,3,6/22/2016 18:09,41.40274,-81.817856,Brookpark,OH,80.1,43,10,8.1,Overcast
A-220989,3,6/22/2016 18:10,41.316475,-81.649101,Brecksville,OH,80.1,43,10,8.1,Overcast
A-220990,3,6/22/2016 18:16,39.875526,-83.051819,Grove City,OH,75.2,65,10,9.2,Clear
A-220991,2,6/22/2016 19:22,39.997543,-82.036583,Zanesville,OH,77,64,10,8.1,Overcast
A-220992,2,6/23/2016 4:30,39.745975,-84.241241,Dayton,OH,69.1,90,8,12.7,Thunderstorm
A-220993,2,6/23/2016 4:27,39.746593,-84.23912,Dayton,OH,69.1,90,8,12.7,Thunderstorm
A-220994,3,6/23/2016 4:33,39.931599,-82.915894,Columbus,OH,64.9,100,10,11.5,Thunderstorm
A-220995,3,6/23/2016 5:15,40.061661,-82.99807,Columbus,OH,66,96,10,10.4,Overcast
A-220996,2,6/23/2016 5:40,39.596771,-84.238365,Miamisburg,OH,70,87,10,10.4,Rain
A-220997,2,6/23/2016 5:46,39.832066,-83.000374,Lockbourne,OH,65.5,94,10,5.8,Overcast
A-220998,3,6/23/2016 6:26,39.632637,-84.203033,Dayton,OH,69.1,87,10,8.1,Overcast
A-220999,3,6/23/2016 6:50,39.933804,-82.789444,Pickerington,OH,66,93,10,9.2,Overcast
A-221000,2,6/23/2016 7:02,39.637802,-84.224815,Dayton,OH,68,87,10,9.2,Rain
A-221001,3,6/23/2016 7:03,39.733723,-84.204971,Dayton,OH,69.1,90,10,4.6,Overcast
A-221002,2,6/23/2016 7:38,39.836159,-84.164078,Dayton,OH,70,100,10,4.6,Overcast
A-221003,2,6/23/2016 7:44,39.734325,-84.174004,Oakwood,OH,70,100,10,4.6,Overcast
A-221004,3,6/23/2016 7:46,41.423401,-81.582047,Maple Heights,OH,70,84,10,8.1,Overcast
A-221005,2,6/23/2016 8:00,39.777164,-84.205101,Dayton,OH,70,84,10,8.1,Overcast
A-221006,2,6/23/2016 7:55,39.752674,-84.189949,Dayton,OH,70,100,10,4.6,Overcast
A-221007,2,6/23/2016 8:11,39.631199,-84.198769,Dayton,OH,69.1,87,10,8.1,Overcast
A-221008,3,6/23/2016 8:09,39.819839,-84.189087,Dayton,OH,70,90,10,4.6,Overcast
A-221009,2,6/23/2016 8:28,40.118412,-83.016243,Columbus,OH,68,96,10,9.2,Overcast
A-221010,3,6/23/2016 8:39,39.956909,-83.044914,Columbus,OH,68,94,10,6.9,Overcast
A-221011,2,6/23/2016 9:12,39.751369,-84.191193,Dayton,OH,71.2,98,10,4.6,Overcast
A-221012,2,6/23/2016 9:24,39.765827,-84.193558,Dayton,OH,71.1,87,10,6.9,Overcast
A-221013,2,6/23/2016 9:40,39.723263,-84.135048,Dayton,OH,73.4,94,10,6.9,Overcast
A-221014,2,6/23/2016 10:06,39.672173,-84.2127,Dayton,OH,73.9,85,10,8.1,Overcast
A-221015,2,6/23/2016 10:18,39.750568,-84.20121,Dayton,OH,73.4,92,10,6.9,Overcast
A-221016,2,6/23/2016 12:44,39.747406,-84.239487,Dayton,OH,86,70,9,13.8,Overcast
A-221017,2,6/23/2016 12:43,39.775303,-84.200523,Dayton,OH,86,70,9,13.8,Overcast
A-221018,2,6/23/2016 14:06,39.737404,-84.185776,Dayton,OH,88.2,71,10,11.5,Overcast
A-221019,2,6/23/2016 14:20,39.769596,-84.176964,Dayton,OH,87.8,70,10,9.2,Thunderstorm
A-221020,2,6/23/2016 14:57,39.756767,-84.19104,Dayton,OH,80.6,94,6,4.6,Thunderstorm
A-221021,3,6/23/2016 15:49,39.747753,-84.205582,Dayton,OH,89.1,53,10,15,Overcast
A-221022,2,6/23/2016 15:49,39.733578,-84.201927,Dayton,OH,89.1,53,10,15,Overcast
A-221023,2,6/23/2016 16:22,39.756992,-84.207008,Dayton,OH,87.8,62,10,16.1,Overcast
A-221024,2,6/23/2016 16:22,39.770775,-84.191406,Dayton,OH,89.1,53,10,15,Overcast
A-221025,2,6/23/2016 16:39,39.812687,-84.227348,Dayton,OH,88,53,10,16.1,Overcast
A-221026,2,6/23/2016 17:07,39.819721,-84.191528,Dayton,OH,88,53,10,16.1,Overcast
A-221027,2,6/23/2016 17:06,39.786633,-84.170837,Dayton,OH,88.2,60,10,16.1,Overcast
A-221028,3,6/23/2016 17:15,39.879181,-83.015747,Lockbourne,OH,86.5,63,10,15,Overcast
A-221029,2,6/23/2016 17:35,39.758202,-84.149002,Dayton,OH,87.8,55,10,15,Overcast
A-221030,3,6/23/2016 17:37,39.933804,-82.789444,Pickerington,OH,84.9,67,10,10.4,Overcast
A-221031,3,6/23/2016 17:47,40.013062,-82.90213,Columbus,OH,84.9,59,10,17.3,Overcast
A-221032,3,6/23/2016 17:57,39.975777,-82.998154,Columbus,OH,84.9,59,10,17.3,Overcast
A-221033,2,6/23/2016 18:12,39.745384,-84.183006,Dayton,OH,86.5,62,10,17.3,Overcast
A-221034,2,6/23/2016 18:13,39.758144,-84.148033,Dayton,OH,86.5,62,10,17.3,Overcast
A-221035,3,6/23/2016 18:04,39.950317,-83.017242,Columbus,OH,84.2,66,10,15,Overcast
A-221036,3,6/23/2016 18:15,39.747753,-84.205582,Dayton,OH,84,63,10,15,Overcast
A-221037,3,6/23/2016 19:34,39.788414,-84.183693,Dayton,OH,81,71,10,9.2,Clear
A-221038,2,6/23/2016 19:37,39.76667,-84.142303,Dayton,OH,81,71,10,9.2,Clear
A-221039,3,6/24/2016 6:58,39.681412,-84.22982,Dayton,OH,66.9,90,5,6.9,Overcast
A-221040,3,6/24/2016 7:59,39.981022,-82.946274,Columbus,OH,69.1,81,10,5.8,Overcast
A-221041,2,6/24/2016 8:13,39.754055,-84.17588,Dayton,OH,67.5,100,10,11.5,Overcast
A-221042,3,6/24/2016 10:21,39.819839,-84.189087,Dayton,OH,71.1,73,10,6.9,Overcast
A-221043,3,6/24/2016 10:24,39.977394,-83.150467,Columbus,OH,75.2,69,10,3.5,Overcast
A-221044,2,6/24/2016 12:29,39.787449,-84.235016,Dayton,OH,78.1,60,10,8.1,Overcast
A-221045,2,6/24/2016 15:40,39.631199,-84.198769,Dayton,OH,82.9,51,10,6.9,Overcast
A-221046,2,6/24/2016 16:09,39.731583,-84.196365,Dayton,OH,82.9,46,10,9.2,Clear
A-221047,3,6/24/2016 17:32,39.979752,-83.206818,Hilliard,OH,82,39,10,9.2,Clear
A-221048,3,6/24/2016 17:50,39.993843,-82.985054,Columbus,OH,82.9,42,10,8.1,Overcast
A-221050,3,6/26/2016 10:06,39.917412,-83.014236,Columbus,OH,80.6,70,10,5.8,Clear
A-221051,3,6/26/2016 10:22,39.939571,-83.009911,Columbus,OH,80.6,70,10,5.8,Clear
A-221052,2,6/26/2016 13:33,39.98172,-83.754875,Springfield,OH,90.9,54,10,10.4,Overcast
A-221053,3,6/26/2016 14:45,39.975441,-82.982178,Columbus,OH,89.1,48,10,11.5,Overcast
A-221054,2,6/27/2016 6:51,40.088074,-82.798546,New Albany,OH,72,100,10,6.9,Rain
A-221055,3,6/27/2016 7:01,41.399567,-83.10585,Fremont,OH,72,96,8,3.5,Clear
A-221056,3,6/27/2016 7:18,39.96888,-83.022263,Columbus,OH,72,100,10,6.9,Rain
A-221057,3,6/27/2016 7:51,39.891724,-84.187645,Vandalia,OH,73,93,7,4.6,Overcast
A-221058,3,6/27/2016 8:10,41.340286,-82.759361,Castalia,OH,77,89,10,4.6,Clear
A-221059,3,6/27/2016 8:57,39.715988,-84.219238,Dayton,OH,77,79,10,9.2,Clear
A-221060,3,6/27/2016 8:56,39.747753,-84.205582,Dayton,OH,75.9,87,8,5.8,Overcast
A-221061,3,6/27/2016 9:11,39.733723,-84.204971,Dayton,OH,75.9,87,8,5.8,Overcast
A-221062,3,6/27/2016 9:35,41.417164,-81.594551,Cleveland,OH,79,69,10,6.9,Clear
A-221063,2,6/27/2016 10:02,39.7663,-84.177086,Dayton,OH,79,87,10,6.9,Overcast
A-221064,2,6/27/2016 10:39,39.761509,-84.243744,Dayton,OH,81.7,68,10,3.5,Overcast
A-221066,2,6/27/2016 12:20,39.783047,-84.18605,Dayton,OH,84.2,53,10,9.2,Overcast
A-221067,3,6/27/2016 12:15,39.959442,-83.344879,London,OH,82.4,62,10,3.5,Clear
A-221068,2,6/27/2016 12:17,40.088074,-82.798546,New Albany,OH,82.9,56,10,4.6,Overcast
A-221069,2,6/27/2016 12:47,39.626194,-84.195724,Dayton,OH,84,43,10,8.1,Clear
A-221070,3,6/27/2016 12:58,39.747753,-84.205582,Dayton,OH,86,41,10,4.6,Overcast
A-221071,2,6/27/2016 13:14,39.635357,-84.216339,Dayton,OH,84,43,10,8.1,Clear
A-221072,2,6/27/2016 13:31,39.759773,-84.231628,Dayton,OH,87.1,36,10,9.2,Overcast
A-221073,2,6/27/2016 14:14,39.740471,-84.253075,Dayton,OH,87.1,36,10,9.2,Overcast
A-221074,2,6/27/2016 14:24,39.761669,-84.1968,Dayton,OH,86.4,40,10,8.1,Clear
A-221075,2,6/27/2016 14:49,39.745937,-84.177818,Dayton,OH,87.6,38,10,8.1,Overcast
A-221076,3,6/27/2016 15:39,41.420582,-81.780304,Cleveland,OH,91,23,10,15,Overcast
A-221077,2,6/27/2016 15:49,39.812809,-84.22377,Dayton,OH,89.1,35,10,13.8,Overcast
A-221078,2,6/27/2016 17:17,39.73069,-84.141121,Dayton,OH,89.4,37,10,11.5,Clear
A-221079,3,6/27/2016 17:39,41.420506,-81.816078,Cleveland,OH,91,28,10,12.7,Overcast
A-221080,3,6/27/2016 18:16,41.039318,-81.637917,Barberton,OH,89.1,34,10,11.5,Clear
A-221081,2,6/27/2016 18:44,40.091534,-82.823036,New Albany,OH,87.1,35,10,6.9,Overcast
A-221082,3,6/27/2016 18:55,39.747753,-84.205582,Dayton,OH,88,36,10,10.4,Overcast
A-221083,3,6/27/2016 19:29,39.93919,-82.325279,Thornville,OH,84,49,10,3.5,Clear
A-221084,3,6/27/2016 22:42,41.407391,-81.646767,Independence,OH,77,69,10,13.8,Clear
A-221085,3,6/28/2016 6:29,41.360394,-82.284302,Amherst,OH,64.9,78,10,5.8,Overcast
A-221086,2,6/28/2016 7:21,40.025253,-84.230988,Troy,OH,64.9,87,10,5.8,Overcast
A-221087,3,6/28/2016 7:43,41.407391,-81.646767,Independence,OH,69.1,68,10,11.5,Overcast
A-221088,2,6/28/2016 8:04,39.774342,-84.185593,Dayton,OH,70.3,74,10,5.8,Clear
A-221089,2,6/28/2016 8:03,39.668869,-84.176521,Dayton,OH,70,71,10,8.1,Clear
A-221090,2,6/28/2016 8:08,40.018635,-83.034279,Columbus,OH,70,73,10,8.1,Clear
A-221091,2,6/28/2016 8:37,39.631199,-84.198769,Dayton,OH,73.9,62,10,5.8,Clear
A-221092,3,6/28/2016 8:37,41.424313,-81.57914,Maple Heights,OH,69.1,70,10,10.4,Overcast
A-221093,2,6/28/2016 9:09,39.72538,-84.173882,Dayton,OH,73.9,62,10,5.8,Clear
A-221094,2,6/28/2016 9:53,39.773552,-84.159538,Dayton,OH,73.8,67,10,8.1,Clear
A-221095,2,6/28/2016 10:26,41.386738,-83.786446,Weston,OH,70,57,10,10.4,Overcast
A-221096,2,6/28/2016 11:35,39.81963,-84.198273,Dayton,OH,77,48,10,10.4,Overcast
A-221097,3,6/28/2016 11:32,39.955505,-82.983559,Columbus,OH,78.1,48,10,10.4,Overcast
A-221098,2,6/28/2016 11:53,39.585239,-84.163712,Dayton,OH,78.1,45,10,8.1,Clear
A-221099,2,6/28/2016 12:21,39.640266,-84.238037,Dayton,OH,78.1,45,10,8.1,Clear
A-221100,2,6/28/2016 13:55,39.750248,-84.248009,Dayton,OH,78.1,48,10,11.5,Overcast
A-221101,2,6/28/2016 14:20,41.422482,-81.685043,Cleveland,OH,72,64,10,8.1,Overcast
A-221102,2,6/28/2016 14:59,39.64386,-84.157578,Dayton,OH,78.1,45,10,10.4,Overcast
A-221103,2,6/28/2016 15:50,39.793037,-84.223923,Dayton,OH,80.1,42,10,15,Overcast
A-221104,2,6/28/2016 15:50,39.72419,-84.152336,Dayton,OH,80.6,42,10,13.8,Overcast
A-221105,2,6/28/2016 16:20,39.842293,-82.754166,Canal Winchester,OH,79.9,46,10,13.8,Overcast
A-221106,3,6/28/2016 16:19,41.27071,-81.620972,Richfield,OH,73,51,10,13.8,Overcast
A-221107,3,6/28/2016 17:31,39.89217,-83.039169,Grove City,OH,78.8,51,10,17.3,Overcast
A-221108,3,6/28/2016 17:55,39.953068,-83.001106,Columbus,OH,77,50,10,12.7,Overcast
A-221109,2,6/28/2016 17:54,41.405163,-81.943405,North Olmsted,OH,70,59,10,13.8,Overcast
A-221110,3,6/28/2016 18:59,39.819839,-84.189087,Dayton,OH,73.9,53,10,15,Overcast
A-221111,3,6/28/2016 19:25,41.345757,-82.791626,Castalia,OH,68,64,10,6.9,Overcast
A-221112,2,6/29/2016 4:59,40.02747,-82.959656,Columbus,OH,60.1,86,10,4.6,Overcast
A-221114,3,6/29/2016 7:01,39.964287,-82.982925,Columbus,OH,60.1,86,10,5.8,Overcast
A-221115,3,6/29/2016 7:15,39.923813,-83.119888,Columbus,OH,60.1,93,10,4.6,Overcast
A-221116,3,6/29/2016 7:25,39.747753,-84.205582,Dayton,OH,57,93,8,5.8,Overcast
A-221117,2,6/29/2016 7:43,39.769157,-84.204666,Dayton,OH,60.1,83,10,9.2,Overcast
A-221118,2,6/29/2016 7:26,40.107811,-83.0242,Columbus,OH,62.1,84,10,5.8,Overcast
A-221119,2,6/29/2016 7:25,39.902088,-82.898178,Columbus,OH,61.2,82,10,5.8,Overcast
A-221121,2,6/29/2016 7:48,39.910889,-82.824226,Canal Winchester,OH,61.9,81,10,4.6,Overcast
A-221122,2,6/29/2016 8:02,39.917702,-82.920624,Columbus,OH,61.9,81,10,4.6,Overcast
A-221123,2,6/29/2016 8:12,39.617882,-84.236404,Miamisburg,OH,61,78,10,11.5,Clear
A-221124,2,6/29/2016 8:13,39.655083,-84.194191,Dayton,OH,61,78,10,11.5,Clear
A-221125,3,6/29/2016 8:16,41.033337,-81.864182,Seville,OH,60.1,69,10,8.1,Clear
A-221126,2,6/29/2016 8:48,39.73753,-84.252968,Dayton,OH,64,65,10,10.4,Overcast
A-221127,2,6/29/2016 8:47,39.747952,-84.190369,Dayton,OH,64.6,74,10,9.2,Clear
A-221128,2,6/29/2016 9:31,39.754223,-84.224075,Dayton,OH,66,69,10,3.5,Clear
A-221129,2,6/29/2016 9:48,39.770382,-84.194901,Dayton,OH,66.9,63,10,9.2,Overcast
A-221130,2,6/29/2016 10:13,39.791168,-84.213676,Dayton,OH,66.9,63,10,9.2,Overcast
A-221131,3,6/29/2016 10:24,39.770382,-84.194901,Dayton,OH,66.9,63,10,9.2,Overcast
A-221132,2,6/29/2016 11:48,39.759785,-84.230553,Dayton,OH,71.1,39,10,11.5,Overcast
A-221133,2,6/29/2016 13:56,39.772251,-84.19664,Dayton,OH,73.9,41,10,5.8,Overcast
A-221136,2,6/29/2016 14:46,39.615902,-84.245872,Miamisburg,OH,75.9,33,10,4.6,Clear
A-221137,2,6/29/2016 14:52,39.788414,-84.183693,Dayton,OH,74.7,36,10,4.6,Clear
A-221138,2,6/29/2016 14:51,39.64386,-84.157578,Dayton,OH,75.9,33,10,4.6,Clear
A-221139,2,6/29/2016 15:27,39.73996,-84.163429,Dayton,OH,74.7,36,10,4.6,Clear
A-221140,2,6/29/2016 17:00,39.790916,-84.235085,Dayton,OH,77,37,10,8.1,Overcast
A-221141,2,6/29/2016 16:59,40.099068,-83.159004,Dublin,OH,75.9,42,10,8.1,Clear
A-221142,3,6/29/2016 16:59,40.007923,-81.638245,Cambridge,OH,75,44,10,3.5,Overcast
A-221143,3,6/29/2016 17:55,41.245338,-81.589912,Peninsula,OH,73.9,43,10,5.8,Overcast
A-221144,3,6/29/2016 18:04,40.004749,-82.867638,Columbus,OH,75,41,10,10.4,Overcast
A-221145,3,6/29/2016 18:30,39.747753,-84.205582,Dayton,OH,75.9,38,10,5.8,Overcast
A-221146,3,6/29/2016 18:31,39.747753,-84.205582,Dayton,OH,75.9,38,10,5.8,Overcast
A-221147,3,6/29/2016 18:19,41.234131,-81.603928,Richfield,OH,75,33,10,6.9,Overcast
A-221148,2,6/30/2016 7:06,41.134274,-83.861298,Mc Comb,OH,57.9,78,10,4.6,Clear
A-221149,2,6/30/2016 7:07,39.377262,-84.123955,Morrow,OH,57.9,75,10,3.5,Clear
A-221150,2,6/30/2016 7:44,40.061661,-82.99807,Columbus,OH,62.1,80,10,3.5,Clear
A-221151,3,6/30/2016 8:05,41.42458,-81.564804,Maple Heights,OH,66,52,10,5.8,Clear
A-221154,2,6/30/2016 10:12,39.747406,-84.239487,Dayton,OH,71.1,55,10,4.6,Overcast
A-221156,2,6/30/2016 11:12,39.761559,-84.238754,Dayton,OH,73.9,50,10,4.6,Overcast
A-221158,2,6/30/2016 11:45,39.672173,-84.2127,Dayton,OH,75,41,10,5.8,Overcast
A-221159,3,6/30/2016 12:16,39.596771,-84.238365,Miamisburg,OH,75,41,10,5.8,Overcast
A-221160,2,6/30/2016 12:15,39.622429,-84.235977,Miamisburg,OH,75,41,10,5.8,Overcast
A-221161,2,6/30/2016 13:38,39.815681,-84.130211,Dayton,OH,77.9,37,10,5.8,Overcast
A-221162,3,6/30/2016 14:02,41.240414,-83.653152,North Baltimore,OH,79,32,10,8.1,Overcast
A-221163,3,6/30/2016 14:16,39.913052,-83.017937,Columbus,OH,75.2,41,10,3.5,Overcast
A-221164,3,6/30/2016 15:49,39.770382,-84.194901,Dayton,OH,81,35,10,3.5,Overcast
A-221165,2,6/30/2016 16:08,39.800278,-84.194283,Dayton,OH,81,35,10,3.5,Overcast
A-221166,2,6/30/2016 16:08,39.73069,-84.141121,Dayton,OH,79.7,35,10,3.5,Overcast
A-221167,2,6/30/2016 16:57,39.631775,-84.235077,Miamisburg,OH,77,40,10,4.6,Overcast
A-221169,3,6/30/2016 18:19,39.892044,-83.811821,Springfield,OH,77.9,45,10,3.5,Clear
A-221170,3,6/30/2016 18:05,39.890358,-83.757278,Springfield,OH,77.9,45,10,3.5,Clear
A-221172,2,7/1/2016 4:06,39.770321,-84.234337,Dayton,OH,68,65,10,8.1,Overcast
A-221173,3,7/1/2016 5:40,39.798798,-84.189705,Dayton,OH,66.9,66,10,8.1,Overcast
A-221174,2,7/1/2016 6:17,39.978306,-82.852554,Columbus,OH,64.9,73,10,5.8,Overcast
A-221175,2,7/1/2016 6:37,39.936989,-82.787384,Reynoldsburg,OH,64,84,10,3.5,Overcast
A-221176,3,7/1/2016 7:07,41.369209,-81.82135,Cleveland,OH,68,59,10,11.5,Rain
A-221177,3,7/1/2016 7:27,39.934155,-82.852524,Columbus,OH,66,81,10,4.6,Overcast
A-221178,3,7/1/2016 8:04,39.413074,-84.152992,Lebanon,OH,66.9,76,10,8.1,Rain
A-221179,2,7/1/2016 8:19,39.752434,-84.209015,Dayton,OH,69.8,73,6,5.8,Rain
A-221180,3,7/1/2016 8:19,39.970013,-83.11908,Columbus,OH,66.2,83,10,6.9,Overcast
A-221181,4,7/1/2016 8:18,39.978306,-82.852554,Columbus,OH,66,81,10,4.6,Overcast
A-221182,2,7/1/2016 8:48,39.612465,-84.221504,Miamisburg,OH,64.4,83,1.8,9.2,Thunderstorm
A-221183,2,7/1/2016 8:50,39.718723,-84.21788,Moraine,OH,64.4,83,1.8,9.2,Thunderstorm
A-221184,2,7/1/2016 8:49,39.746742,-84.125916,Dayton,OH,66.4,89,10,13.8,Thunderstorm
A-221185,2,7/1/2016 9:10,39.746189,-84.196526,Dayton,OH,66,87,10,11.5,Overcast
A-221186,2,7/1/2016 10:07,39.68716,-84.220825,Dayton,OH,66,87,10,4.6,Rain
A-221187,2,7/1/2016 10:14,39.659603,-84.18441,Dayton,OH,66,87,10,4.6,Rain
A-221188,2,7/1/2016 10:39,39.746449,-84.152344,Dayton,OH,72.1,83,10,6.9,Overcast
A-221190,2,7/1/2016 11:08,39.626125,-84.206375,Miamisburg,OH,68,84,10,6.9,Overcast
A-221191,3,7/1/2016 11:04,40.142151,-82.97113,Columbus,OH,73,73,10,8.1,Overcast
A-221192,2,7/1/2016 12:52,39.75956,-84.253296,Dayton,OH,78.1,58,10,11.5,Overcast
A-221193,3,7/1/2016 13:57,39.995377,-82.985085,Columbus,OH,75,64,10,9.2,Overcast
A-221194,3,7/1/2016 14:25,40.098701,-83.134499,Dublin,OH,77,60,10,13.8,Overcast
A-221195,2,7/3/2016 13:49,40.11795,-83.090401,Dublin,OH,73.9,53,10,4.6,Overcast
